-- phpMyAdmin SQL Dump
-- version 5.0.2
-- https://www.phpmyadmin.net/
--
-- Host: 127.0.0.1
-- Generation Time: Sep 07, 2020 at 05:44 PM
-- Server version: 10.4.14-MariaDB
-- PHP Version: 7.4.9

SET SQL_MODE = "NO_AUTO_VALUE_ON_ZERO";
START TRANSACTION;
SET time_zone = "+00:00";


/*!40101 SET @OLD_CHARACTER_SET_CLIENT=@@CHARACTER_SET_CLIENT */;
/*!40101 SET @OLD_CHARACTER_SET_RESULTS=@@CHARACTER_SET_RESULTS */;
/*!40101 SET @OLD_COLLATION_CONNECTION=@@COLLATION_CONNECTION */;
/*!40101 SET NAMES utf8mb4 */;

--
-- Database: `nhap1`
--

-- --------------------------------------------------------

--
-- Table structure for table `banner`
--

CREATE TABLE `banner` (
  `id` int(10) UNSIGNED NOT NULL,
  `image` varchar(255) COLLATE utf8mb4_unicode_ci DEFAULT NULL,
  `created_at` timestamp NULL DEFAULT NULL,
  `updated_at` timestamp NULL DEFAULT NULL,
  `name` text COLLATE utf8mb4_unicode_ci NOT NULL,
  `banner` int(11) DEFAULT NULL
) ENGINE=InnoDB DEFAULT CHARSET=utf8mb4 COLLATE=utf8mb4_unicode_ci;

--
-- Dumping data for table `banner`
--

INSERT INTO `banner` (`id`, `image`, `created_at`, `updated_at`, `name`, `banner`) VALUES
(1, 'categories/August2020/AlnXJS9wnaEhUtAD6uWm.jpg', '2020-09-01 02:39:00', '2020-09-01 03:24:40', 'a', NULL),
(2, 'categories/August2020/z4d0mvv3WIR89BGNVFLr.jpg', NULL, '2020-09-01 03:24:44', 'a', NULL);

-- --------------------------------------------------------

--
-- Table structure for table `brand`
--

CREATE TABLE `brand` (
  `id` int(10) UNSIGNED NOT NULL,
  `image1` varchar(255) COLLATE utf8mb4_unicode_ci DEFAULT NULL,
  `image2` varchar(255) COLLATE utf8mb4_unicode_ci DEFAULT NULL,
  `created_at` timestamp NULL DEFAULT NULL,
  `updated_at` timestamp NULL DEFAULT NULL,
  `image3` varchar(255) COLLATE utf8mb4_unicode_ci DEFAULT NULL
) ENGINE=InnoDB DEFAULT CHARSET=utf8mb4 COLLATE=utf8mb4_unicode_ci;

--
-- Dumping data for table `brand`
--

INSERT INTO `brand` (`id`, `image1`, `image2`, `created_at`, `updated_at`, `image3`) VALUES
(3, 'brand\\September2020\\lcwLMGHIoXdUMGFUiwaG.jpg', 'brand\\September2020\\bxqQA90TvDBOYfJcRZ6X.jpg', '2020-09-01 21:12:00', '2020-09-07 05:36:25', 'brand\\September2020\\OqklMaH3CVy2FolRVEA2.jpg');

-- --------------------------------------------------------

--
-- Table structure for table `categories`
--

CREATE TABLE `categories` (
  `id` bigint(20) NOT NULL,
  `category_name` varchar(191) COLLATE utf8mb4_unicode_ci NOT NULL,
  `created_at` timestamp NULL DEFAULT NULL,
  `updated_at` timestamp NULL DEFAULT NULL,
  `image` varchar(255) COLLATE utf8mb4_unicode_ci DEFAULT NULL
) ENGINE=InnoDB DEFAULT CHARSET=utf8mb4 COLLATE=utf8mb4_unicode_ci;

--
-- Dumping data for table `categories`
--

INSERT INTO `categories` (`id`, `category_name`, `created_at`, `updated_at`, `image`) VALUES
(1, 'Lighting', NULL, '2020-09-05 20:18:35', 'categories\\September2020\\W4jwTYSKSSfxaUQpFUpm.jpg'),
(2, 'Fragrances', NULL, '2020-09-02 09:55:28', 'categories\\September2020\\SaVjfn9ojP0Miq7Fh2b3.jpg'),
(3, 'Decorative Pillows', NULL, '2020-09-02 09:55:39', 'categories\\September2020\\wIuBSlOFvQ0IXOWE59nK.jpg'),
(4, 'Vases', NULL, '2020-09-02 09:55:49', 'categories\\September2020\\leyD7ixtwgV8sqAvCiwe.jpg'),
(5, 'Area Rugs', NULL, '2020-09-02 09:55:59', 'categories\\September2020\\fGInrWybj4aKXT4X2UrQ.jpg'),
(6, 'mirrors', NULL, '2020-09-02 09:56:11', 'categories\\September2020\\LLB2j0i0J08iKBImsoy8.jpg'),
(7, 'Curtains', '2020-09-06 03:51:00', '2020-09-05 20:52:17', 'categories\\September2020\\NfqolGDCnoQtHGQXu0gP.jpg'),
(8, 'Artificial Plants', NULL, '2020-09-05 20:52:40', 'categories\\September2020\\VAJjBT7fYStuoWlfdDqM.jpg'),
(9, 'clocks', '2020-09-06 03:52:00', '2020-09-05 20:53:04', 'categories\\September2020\\sVo5SrZrkV8NeX8pE89Q.jpg');

-- --------------------------------------------------------

--
-- Table structure for table `comments`
--

CREATE TABLE `comments` (
  `id` int(10) UNSIGNED NOT NULL,
  `user_id` int(10) UNSIGNED NOT NULL,
  `post_id` int(10) UNSIGNED NOT NULL,
  `parent_id` int(10) UNSIGNED DEFAULT NULL,
  `body` text COLLATE utf8mb4_unicode_ci NOT NULL,
  `created_at` timestamp NULL DEFAULT NULL,
  `updated_at` timestamp NULL DEFAULT NULL,
  `deleted_at` timestamp NULL DEFAULT NULL
) ENGINE=InnoDB DEFAULT CHARSET=utf8mb4 COLLATE=utf8mb4_unicode_ci;

-- --------------------------------------------------------

--
-- Table structure for table `data_rows`
--

CREATE TABLE `data_rows` (
  `id` int(10) UNSIGNED NOT NULL,
  `data_type_id` int(10) UNSIGNED NOT NULL,
  `field` varchar(191) COLLATE utf8mb4_unicode_ci NOT NULL,
  `type` varchar(191) COLLATE utf8mb4_unicode_ci NOT NULL,
  `display_name` varchar(191) COLLATE utf8mb4_unicode_ci NOT NULL,
  `required` tinyint(1) NOT NULL DEFAULT 0,
  `browse` tinyint(1) NOT NULL DEFAULT 1,
  `read` tinyint(1) NOT NULL DEFAULT 1,
  `edit` tinyint(1) NOT NULL DEFAULT 1,
  `add` tinyint(1) NOT NULL DEFAULT 1,
  `delete` tinyint(1) NOT NULL DEFAULT 1,
  `details` text COLLATE utf8mb4_unicode_ci DEFAULT NULL,
  `order` int(11) NOT NULL DEFAULT 1
) ENGINE=InnoDB DEFAULT CHARSET=utf8mb4 COLLATE=utf8mb4_unicode_ci;

--
-- Dumping data for table `data_rows`
--

INSERT INTO `data_rows` (`id`, `data_type_id`, `field`, `type`, `display_name`, `required`, `browse`, `read`, `edit`, `add`, `delete`, `details`, `order`) VALUES
(1, 1, 'id', 'number', 'ID', 1, 0, 0, 0, 0, 0, NULL, 1),
(2, 1, 'name', 'text', 'Name', 1, 1, 1, 1, 1, 1, NULL, 2),
(3, 1, 'email', 'text', 'Email', 1, 1, 1, 1, 1, 1, NULL, 3),
(4, 1, 'password', 'password', 'Password', 1, 0, 0, 1, 1, 0, NULL, 4),
(5, 1, 'remember_token', 'text', 'Remember Token', 0, 0, 0, 0, 0, 0, NULL, 5),
(6, 1, 'created_at', 'timestamp', 'Created At', 0, 1, 1, 0, 0, 0, NULL, 6),
(7, 1, 'updated_at', 'timestamp', 'Updated At', 0, 0, 0, 0, 0, 0, NULL, 7),
(8, 1, 'avatar', 'image', 'Avatar', 0, 1, 1, 1, 1, 1, NULL, 8),
(9, 1, 'user_belongsto_role_relationship', 'relationship', 'Role', 0, 1, 1, 1, 1, 0, '{\"model\":\"TCG\\\\Voyager\\\\Models\\\\Role\",\"table\":\"roles\",\"type\":\"belongsTo\",\"column\":\"role_id\",\"key\":\"id\",\"label\":\"display_name\",\"pivot_table\":\"roles\",\"pivot\":0}', 10),
(10, 1, 'user_belongstomany_role_relationship', 'relationship', 'Roles', 0, 1, 1, 1, 1, 0, '{\"model\":\"TCG\\\\Voyager\\\\Models\\\\Role\",\"table\":\"roles\",\"type\":\"belongsToMany\",\"column\":\"id\",\"key\":\"id\",\"label\":\"display_name\",\"pivot_table\":\"user_roles\",\"pivot\":\"1\",\"taggable\":\"0\"}', 11),
(11, 1, 'settings', 'hidden', 'Settings', 0, 0, 0, 0, 0, 0, NULL, 12),
(12, 2, 'id', 'number', 'ID', 1, 0, 0, 0, 0, 0, NULL, 1),
(13, 2, 'name', 'text', 'Name', 1, 1, 1, 1, 1, 1, NULL, 2),
(14, 2, 'created_at', 'timestamp', 'Created At', 0, 0, 0, 0, 0, 0, NULL, 3),
(15, 2, 'updated_at', 'timestamp', 'Updated At', 0, 0, 0, 0, 0, 0, NULL, 4),
(16, 3, 'id', 'number', 'ID', 1, 0, 0, 0, 0, 0, NULL, 1),
(17, 3, 'name', 'text', 'Name', 1, 1, 1, 1, 1, 1, NULL, 2),
(18, 3, 'created_at', 'timestamp', 'Created At', 0, 0, 0, 0, 0, 0, NULL, 3),
(19, 3, 'updated_at', 'timestamp', 'Updated At', 0, 0, 0, 0, 0, 0, NULL, 4),
(20, 3, 'display_name', 'text', 'Display Name', 1, 1, 1, 1, 1, 1, NULL, 5),
(21, 1, 'role_id', 'text', 'Role', 1, 1, 1, 1, 1, 1, NULL, 9),
(22, 6, 'id', 'text', 'Id', 1, 1, 1, 1, 1, 1, '{}', 1),
(23, 6, 'category_name', 'text', 'Category Name', 1, 1, 1, 1, 1, 1, '{}', 2),
(24, 6, 'created_at', 'timestamp', 'Created At', 0, 1, 1, 1, 1, 1, '{}', 3),
(25, 6, 'updated_at', 'timestamp', 'Updated At', 0, 0, 0, 0, 0, 0, '{}', 4),
(26, 7, 'id', 'text', 'Id', 1, 0, 0, 0, 0, 0, '{}', 1),
(27, 7, 'category_id', 'text', 'Category Id', 1, 1, 1, 1, 1, 1, '{}', 2),
(28, 7, 'title', 'text', 'Title', 1, 1, 1, 1, 1, 1, '{}', 3),
(29, 7, 'price', 'text', 'Price', 1, 1, 1, 1, 1, 1, '{}', 4),
(30, 7, 'image', 'image', 'Image', 1, 1, 1, 1, 1, 1, '{}', 5),
(31, 7, 'created_at', 'timestamp', 'Created At', 0, 1, 1, 1, 0, 1, '{}', 6),
(32, 7, 'updated_at', 'timestamp', 'Updated At', 0, 0, 0, 0, 0, 0, '{}', 7),
(33, 6, 'image', 'image', 'Image', 0, 1, 1, 1, 1, 1, '{}', 5),
(34, 8, 'id', 'text', 'Id', 1, 1, 1, 1, 1, 1, '{}', 1),
(35, 8, 'image', 'image', 'Image', 0, 1, 1, 1, 1, 1, '{}', 2),
(36, 8, 'title', 'text', 'Title', 0, 1, 1, 1, 1, 1, '{}', 3),
(37, 8, 'content', 'text', 'Content', 0, 1, 1, 1, 1, 1, '{}', 4),
(38, 8, 'description', 'rich_text_box', 'Description', 0, 1, 1, 1, 1, 1, '{}', 5),
(39, 8, 'created_at', 'timestamp', 'Created At', 0, 1, 1, 1, 0, 1, '{}', 6),
(40, 8, 'updated_at', 'timestamp', 'Updated At', 0, 0, 0, 0, 0, 0, '{}', 7),
(41, 8, 'date', 'text', 'Date', 0, 1, 1, 1, 1, 1, '{}', 8),
(46, 18, 'id', 'text', 'Id', 1, 1, 1, 1, 1, 1, '{}', 1),
(47, 18, 'image', 'image', 'Image', 0, 1, 1, 1, 1, 1, '{}', 2),
(48, 18, 'created_at', 'timestamp', 'Created At', 0, 1, 1, 1, 0, 1, '{}', 3),
(49, 18, 'updated_at', 'timestamp', 'Updated At', 0, 0, 0, 0, 0, 0, '{}', 4),
(50, 18, 'name', 'text', 'Name', 0, 1, 1, 1, 1, 1, '{}', 5),
(51, 20, 'id', 'hidden', 'Id', 1, 0, 0, 0, 0, 0, '{}', 1),
(52, 20, 'image', 'image', 'Image', 0, 1, 1, 1, 1, 1, '{}', 2),
(53, 20, 'created_at', 'timestamp', 'Created At', 0, 1, 1, 1, 0, 1, '{}', 4),
(54, 20, 'updated_at', 'timestamp', 'Updated At', 0, 0, 0, 0, 0, 0, '{}', 5),
(55, 20, 'name', 'text', 'Name', 0, 1, 1, 1, 1, 1, '{}', 3),
(56, 25, 'id', 'text', 'Id', 1, 0, 0, 0, 0, 0, '{}', 1),
(57, 25, 'image1', 'image', 'Image1', 0, 1, 1, 1, 1, 1, '{}', 2),
(58, 25, 'image2', 'image', 'Image2', 0, 1, 1, 1, 1, 1, '{}', 3),
(59, 25, 'created_at', 'timestamp', 'Created At', 0, 1, 1, 1, 0, 1, '{}', 4),
(60, 25, 'updated_at', 'timestamp', 'Updated At', 0, 0, 0, 0, 0, 0, '{}', 5),
(61, 7, 'image1', 'image', 'Image1', 0, 1, 1, 1, 1, 1, '{}', 8),
(62, 7, 'image2', 'image', 'Image2', 0, 1, 1, 1, 1, 1, '{}', 9),
(63, 7, 'image3', 'image', 'Image3', 0, 1, 1, 1, 1, 1, '{}', 10),
(64, 7, 'image4', 'image', 'Image4', 0, 1, 1, 1, 1, 1, '{}', 11),
(65, 25, 'image3', 'image', 'Image3', 0, 1, 1, 1, 1, 1, '{}', 6),
(66, 7, 'content', 'rich_text_box', 'Content', 0, 1, 1, 1, 1, 1, '{}', 12);

-- --------------------------------------------------------

--
-- Table structure for table `data_types`
--

CREATE TABLE `data_types` (
  `id` int(10) UNSIGNED NOT NULL,
  `name` varchar(191) COLLATE utf8mb4_unicode_ci NOT NULL,
  `slug` varchar(191) COLLATE utf8mb4_unicode_ci NOT NULL,
  `display_name_singular` varchar(191) COLLATE utf8mb4_unicode_ci NOT NULL,
  `display_name_plural` varchar(191) COLLATE utf8mb4_unicode_ci NOT NULL,
  `icon` varchar(191) COLLATE utf8mb4_unicode_ci DEFAULT NULL,
  `model_name` varchar(191) COLLATE utf8mb4_unicode_ci DEFAULT NULL,
  `policy_name` varchar(191) COLLATE utf8mb4_unicode_ci DEFAULT NULL,
  `controller` varchar(191) COLLATE utf8mb4_unicode_ci DEFAULT NULL,
  `description` varchar(191) COLLATE utf8mb4_unicode_ci DEFAULT NULL,
  `generate_permissions` tinyint(1) NOT NULL DEFAULT 0,
  `server_side` tinyint(4) NOT NULL DEFAULT 0,
  `details` text COLLATE utf8mb4_unicode_ci DEFAULT NULL,
  `created_at` timestamp NULL DEFAULT NULL,
  `updated_at` timestamp NULL DEFAULT NULL
) ENGINE=InnoDB DEFAULT CHARSET=utf8mb4 COLLATE=utf8mb4_unicode_ci;

--
-- Dumping data for table `data_types`
--

INSERT INTO `data_types` (`id`, `name`, `slug`, `display_name_singular`, `display_name_plural`, `icon`, `model_name`, `policy_name`, `controller`, `description`, `generate_permissions`, `server_side`, `details`, `created_at`, `updated_at`) VALUES
(1, 'users', 'users', 'User', 'Users', 'voyager-person', 'TCG\\Voyager\\Models\\User', 'TCG\\Voyager\\Policies\\UserPolicy', 'TCG\\Voyager\\Http\\Controllers\\VoyagerUserController', '', 1, 0, NULL, '2020-08-31 12:38:26', '2020-08-31 12:38:26'),
(2, 'menus', 'menus', 'Menu', 'Menus', 'voyager-list', 'TCG\\Voyager\\Models\\Menu', NULL, '', '', 1, 0, NULL, '2020-08-31 12:38:26', '2020-08-31 12:38:26'),
(3, 'roles', 'roles', 'Role', 'Roles', 'voyager-lock', 'TCG\\Voyager\\Models\\Role', NULL, 'TCG\\Voyager\\Http\\Controllers\\VoyagerRoleController', '', 1, 0, NULL, '2020-08-31 12:38:26', '2020-08-31 12:38:26'),
(6, 'categories', 'categories', 'Categories', 'Categories', NULL, 'App\\Categories', NULL, NULL, NULL, 1, 0, '{\"order_column\":null,\"order_display_column\":null,\"order_direction\":\"asc\",\"default_search_key\":null,\"scope\":null}', '2020-08-31 12:41:18', '2020-09-05 20:56:19'),
(7, 'products', 'products', 'Product', 'Products', NULL, 'App\\Product', NULL, NULL, NULL, 1, 0, '{\"order_column\":null,\"order_display_column\":null,\"order_direction\":\"asc\",\"default_search_key\":null,\"scope\":null}', '2020-08-31 12:41:34', '2020-09-05 21:05:36'),
(8, 'news', 'news', 'News', 'News', NULL, 'App\\News', NULL, NULL, NULL, 1, 0, '{\"order_column\":null,\"order_display_column\":null,\"order_direction\":\"asc\",\"default_search_key\":null,\"scope\":null}', '2020-08-31 12:51:34', '2020-09-05 20:21:29'),
(18, 'dmfpt', 'dmfpt', 'Dmfpt', 'Dmfpts', NULL, 'App\\Dmfpt', NULL, NULL, NULL, 1, 0, '{\"order_column\":null,\"order_display_column\":null,\"order_direction\":\"asc\",\"default_search_key\":null,\"scope\":null}', '2020-09-01 02:37:42', '2020-09-01 02:39:14'),
(20, 'banner', 'banner', 'Banner', 'Banners', NULL, 'App\\Banner', NULL, NULL, NULL, 1, 0, '{\"order_column\":null,\"order_display_column\":null,\"order_direction\":\"asc\",\"default_search_key\":null,\"scope\":null}', '2020-09-01 02:41:04', '2020-09-01 02:42:36'),
(25, 'brand', 'brand', 'Brand', 'Brands', NULL, 'App\\Brand', NULL, NULL, NULL, 1, 0, '{\"order_column\":null,\"order_display_column\":null,\"order_direction\":\"asc\",\"default_search_key\":null,\"scope\":null}', '2020-09-01 21:07:09', '2020-09-02 10:05:28');

-- --------------------------------------------------------

--
-- Table structure for table `failed_jobs`
--

CREATE TABLE `failed_jobs` (
  `id` bigint(20) UNSIGNED NOT NULL,
  `connection` text COLLATE utf8mb4_unicode_ci NOT NULL,
  `queue` text COLLATE utf8mb4_unicode_ci NOT NULL,
  `payload` longtext COLLATE utf8mb4_unicode_ci NOT NULL,
  `exception` longtext COLLATE utf8mb4_unicode_ci NOT NULL,
  `failed_at` timestamp NOT NULL DEFAULT current_timestamp()
) ENGINE=InnoDB DEFAULT CHARSET=utf8mb4 COLLATE=utf8mb4_unicode_ci;

-- --------------------------------------------------------

--
-- Table structure for table `menus`
--

CREATE TABLE `menus` (
  `id` int(10) UNSIGNED NOT NULL,
  `name` varchar(191) COLLATE utf8mb4_unicode_ci NOT NULL,
  `created_at` timestamp NULL DEFAULT NULL,
  `updated_at` timestamp NULL DEFAULT NULL
) ENGINE=InnoDB DEFAULT CHARSET=utf8mb4 COLLATE=utf8mb4_unicode_ci;

--
-- Dumping data for table `menus`
--

INSERT INTO `menus` (`id`, `name`, `created_at`, `updated_at`) VALUES
(1, 'admin', '2020-08-31 12:38:26', '2020-08-31 12:38:26');

-- --------------------------------------------------------

--
-- Table structure for table `menu_items`
--

CREATE TABLE `menu_items` (
  `id` int(10) UNSIGNED NOT NULL,
  `menu_id` int(10) UNSIGNED DEFAULT NULL,
  `title` varchar(191) COLLATE utf8mb4_unicode_ci NOT NULL,
  `url` varchar(191) COLLATE utf8mb4_unicode_ci NOT NULL,
  `target` varchar(191) COLLATE utf8mb4_unicode_ci NOT NULL DEFAULT '_self',
  `icon_class` varchar(191) COLLATE utf8mb4_unicode_ci DEFAULT NULL,
  `color` varchar(191) COLLATE utf8mb4_unicode_ci DEFAULT NULL,
  `parent_id` int(11) DEFAULT NULL,
  `order` int(11) NOT NULL,
  `created_at` timestamp NULL DEFAULT NULL,
  `updated_at` timestamp NULL DEFAULT NULL,
  `route` varchar(191) COLLATE utf8mb4_unicode_ci DEFAULT NULL,
  `parameters` text COLLATE utf8mb4_unicode_ci DEFAULT NULL
) ENGINE=InnoDB DEFAULT CHARSET=utf8mb4 COLLATE=utf8mb4_unicode_ci;

--
-- Dumping data for table `menu_items`
--

INSERT INTO `menu_items` (`id`, `menu_id`, `title`, `url`, `target`, `icon_class`, `color`, `parent_id`, `order`, `created_at`, `updated_at`, `route`, `parameters`) VALUES
(1, 1, 'Dashboard', '', '_self', 'voyager-boat', NULL, NULL, 1, '2020-08-31 12:38:26', '2020-08-31 12:38:26', 'voyager.dashboard', NULL),
(2, 1, 'Media', '', '_self', 'voyager-images', NULL, NULL, 7, '2020-08-31 12:38:26', '2020-08-31 13:09:47', 'voyager.media.index', NULL),
(3, 1, 'Users', '', '_self', 'voyager-person', NULL, NULL, 2, '2020-08-31 12:38:26', '2020-08-31 13:09:58', 'voyager.users.index', NULL),
(4, 1, 'Roles', '', '_self', 'voyager-lock', NULL, NULL, 6, '2020-08-31 12:38:26', '2020-08-31 13:10:03', 'voyager.roles.index', NULL),
(5, 1, 'Tools', '', '_self', 'voyager-tools', NULL, NULL, 8, '2020-08-31 12:38:26', '2020-08-31 13:09:47', NULL, NULL),
(6, 1, 'Menu Builder', '', '_self', 'voyager-list', NULL, 5, 1, '2020-08-31 12:38:26', '2020-08-31 13:09:25', 'voyager.menus.index', NULL),
(7, 1, 'Database', '', '_self', 'voyager-data', NULL, 5, 2, '2020-08-31 12:38:26', '2020-08-31 13:09:31', 'voyager.database.index', NULL),
(8, 1, 'Compass', '', '_self', 'voyager-compass', NULL, 5, 3, '2020-08-31 12:38:26', '2020-08-31 13:09:31', 'voyager.compass.index', NULL),
(9, 1, 'BREAD', '', '_self', 'voyager-bread', NULL, 5, 4, '2020-08-31 12:38:26', '2020-08-31 13:09:31', 'voyager.bread.index', NULL),
(10, 1, 'Settings', '', '_self', 'voyager-settings', NULL, NULL, 9, '2020-08-31 12:38:26', '2020-08-31 13:09:47', 'voyager.settings.index', NULL),
(11, 1, 'Hooks', '', '_self', 'voyager-hook', NULL, 5, 5, '2020-08-31 12:38:26', '2020-08-31 13:09:31', 'voyager.hooks', NULL),
(12, 1, 'Categories', '', '_self', NULL, NULL, NULL, 4, '2020-08-31 12:41:18', '2020-08-31 13:10:03', 'voyager.categories.index', NULL),
(13, 1, 'Products', '', '_self', NULL, NULL, NULL, 3, '2020-08-31 12:41:34', '2020-08-31 13:10:03', 'voyager.products.index', NULL),
(14, 1, 'News', '', '_self', NULL, NULL, NULL, 5, '2020-08-31 12:51:34', '2020-08-31 13:10:03', 'voyager.news.index', NULL),
(21, 1, 'Banners', '', '_self', NULL, NULL, NULL, 11, '2020-09-01 02:41:04', '2020-09-01 02:41:04', 'voyager.banner.index', NULL),
(23, 1, 'Brands', '', '_self', NULL, NULL, NULL, 12, '2020-09-01 21:07:09', '2020-09-01 21:07:09', 'voyager.brand.index', NULL);

-- --------------------------------------------------------

--
-- Table structure for table `migrations`
--

CREATE TABLE `migrations` (
  `id` int(10) UNSIGNED NOT NULL,
  `migration` varchar(191) COLLATE utf8mb4_unicode_ci NOT NULL,
  `batch` int(11) NOT NULL
) ENGINE=InnoDB DEFAULT CHARSET=utf8mb4 COLLATE=utf8mb4_unicode_ci;

--
-- Dumping data for table `migrations`
--

INSERT INTO `migrations` (`id`, `migration`, `batch`) VALUES
(1, '2014_10_12_000000_create_users_table', 1),
(2, '2014_10_12_100000_create_password_resets_table', 1),
(3, '2016_01_01_000000_add_voyager_user_fields', 1),
(4, '2016_01_01_000000_create_data_types_table', 1),
(5, '2016_05_19_173453_create_menu_table', 1),
(6, '2016_10_21_190000_create_roles_table', 1),
(7, '2016_10_21_190000_create_settings_table', 1),
(8, '2016_11_30_135954_create_permission_table', 1),
(9, '2016_11_30_141208_create_permission_role_table', 1),
(10, '2016_12_26_201236_data_types__add__server_side', 1),
(11, '2017_01_13_000000_add_route_to_menu_items_table', 1),
(12, '2017_01_14_005015_create_translations_table', 1),
(13, '2017_01_15_000000_make_table_name_nullable_in_permissions_table', 1),
(14, '2017_03_06_000000_add_controller_to_data_types_table', 1),
(15, '2017_04_21_000000_add_order_to_data_rows_table', 1),
(16, '2017_07_05_210000_add_policyname_to_data_types_table', 1),
(17, '2017_08_05_000000_add_group_to_settings_table', 1),
(18, '2017_11_26_013050_add_user_role_relationship', 1),
(19, '2017_11_26_015000_create_user_roles_table', 1),
(20, '2018_03_11_000000_add_user_settings', 1),
(21, '2018_03_14_000000_add_details_to_data_types_table', 1),
(22, '2018_03_16_000000_make_settings_value_nullable', 1),
(23, '2019_08_19_000000_create_failed_jobs_table', 1),
(24, '2020_07_23_031048_create_categories_table', 1),
(25, '2020_08_18_053213_create_products_table', 1),
(26, '2020_08_18_145747_create_orders_table', 1),
(27, '2020_09_07_013144_create_posts_comments_table', 2),
(28, '2020_09_07_023056_create_posts_table', 3);

-- --------------------------------------------------------

--
-- Table structure for table `news`
--

CREATE TABLE `news` (
  `id` int(10) UNSIGNED NOT NULL,
  `image` varchar(255) COLLATE utf8mb4_unicode_ci DEFAULT NULL,
  `title` text COLLATE utf8mb4_unicode_ci DEFAULT NULL,
  `content` text COLLATE utf8mb4_unicode_ci DEFAULT NULL,
  `description` text COLLATE utf8mb4_unicode_ci DEFAULT NULL,
  `created_at` timestamp NULL DEFAULT NULL,
  `updated_at` timestamp NULL DEFAULT NULL,
  `date` date DEFAULT NULL
) ENGINE=InnoDB DEFAULT CHARSET=utf8mb4 COLLATE=utf8mb4_unicode_ci;

--
-- Dumping data for table `news`
--

INSERT INTO `news` (`id`, `image`, `title`, `content`, `description`, `created_at`, `updated_at`, `date`) VALUES
(21, 'news\\August2020\\lHf1ESAxtthho3x3UvLI.jpg', '15 Tips for Moving into Your First House', 'The apartment life-we know it well. Weekends by the pool. Your neighbors two buildings over who throw the best parties (no Uber necessary). Broken faucet? Let the landlord handle it.', '<p>&nbsp; &nbsp; &nbsp; &nbsp; &nbsp; &nbsp; &nbsp; &nbsp; &nbsp; &nbsp; &nbsp; &nbsp; &nbsp; &nbsp; &nbsp; &nbsp; &nbsp; &nbsp; &nbsp; &nbsp; &nbsp; &nbsp; &nbsp; &nbsp; &nbsp; <img src=\"http://localhost/Shopping-FPT/public//storage/news/September2020/home.jpg\" alt=\"\" width=\"741\" height=\"494\" /></p>\r\n<div id=\"contentContainer\" class=\"post__content\" style=\"box-sizing: border-box; margin: 0px auto; padding: 0px; border: 0px; font-variant-numeric: inherit; font-variant-east-asian: inherit; font-stretch: inherit; line-height: 2.0625rem; font-family: \'Source Serif Pro\', georgia, sans-serif; font-size: 1.3125rem; vertical-align: baseline; max-width: 41.875rem; color: #212121;\">\r\n<p style=\"box-sizing: border-box; margin: 0px 0px 1.875rem; padding: 0px; border: 0px; font-style: inherit; font-variant: inherit; font-stretch: inherit; line-height: 2.0625rem; font-size: 1.3125rem; vertical-align: baseline;\">The apartment life-we know it well. Weekends by the pool. Your neighbors two buildings over who throw the&nbsp;<em style=\"box-sizing: border-box; margin: 0px; padding: 0px; border: 0px; font-variant: inherit; font-weight: inherit; font-stretch: inherit; line-height: inherit; font-family: inherit; vertical-align: baseline;\">best</em>&nbsp;parties (no Uber necessary). Broken faucet? Let the landlord handle it.</p>\r\n<p style=\"box-sizing: border-box; margin: 0px 0px 1.875rem; padding: 0px; border: 0px; font-style: inherit; font-variant: inherit; font-stretch: inherit; line-height: 2.0625rem; font-size: 1.3125rem; vertical-align: baseline;\">Apartment living has its advantages, but sometimes you just need to move on. Whether it&rsquo;s a recent marriage (congratulations!), a new job, or just the accomplishment of a life goal you&rsquo;ve been dreaming about for years, you&rsquo;ve made the down payment, signed all the paperwork, and you&rsquo;re ready (and so excited) to move into your first house.</p>\r\n<p style=\"box-sizing: border-box; margin: 0px 0px 1.875rem; padding: 0px; border: 0px; font-style: inherit; font-variant: inherit; font-stretch: inherit; line-height: 2.0625rem; font-size: 1.3125rem; vertical-align: baseline;\">There are some pretty big differences between living in an apartment complex and living in a home. Luckily, MYMOVE is here to make the transition as easy as possible, with our top 15 tips to make moving into your first house easier.</p>\r\n<h2 id=\"15tipsformovingintoyourfirsthouse\" style=\"box-sizing: border-box; margin: 0px 0px 1.875rem; padding: 0px; border: 0px; font-style: inherit; font-variant: inherit; font-stretch: inherit; line-height: 2rem; font-family: \'RV Montserrat\', helvetica, sans-serif; font-size: 1.875rem; vertical-align: baseline; color: #424242;\">15 Tips for Moving Into your First House:</h2>\r\n<p style=\"box-sizing: border-box; margin: 0px 0px 1.875rem; padding: 0px; border: 0px; font-style: inherit; font-variant: inherit; font-stretch: inherit; line-height: 2.0625rem; font-size: 1.3125rem; vertical-align: baseline;\"><span style=\"box-sizing: border-box; margin: 0px; padding: 0px; border: 0px; font-style: inherit; font-variant: inherit; font-weight: 900; font-stretch: inherit; line-height: inherit; font-family: inherit; vertical-align: baseline;\">1. Handle the Basics</span></p>\r\n<p style=\"box-sizing: border-box; margin: 0px 0px 1.875rem; padding: 0px; border: 0px; font-style: inherit; font-variant: inherit; font-stretch: inherit; line-height: 2.0625rem; font-size: 1.3125rem; vertical-align: baseline;\"><em style=\"box-sizing: border-box; margin: 0px; padding: 0px; border: 0px; font-variant: inherit; font-weight: inherit; font-stretch: inherit; line-height: inherit; font-family: inherit; vertical-align: baseline;\">At least</em>&nbsp;two weeks in advance, make sure you change your address at the&nbsp;<a style=\"box-sizing: border-box; margin: 0px; padding: 0px; border: 0px; font-style: inherit; font-variant: inherit; font-stretch: inherit; line-height: inherit; font-family: inherit; vertical-align: baseline; transition: color 0.25s ease 0s;\" href=\"https://moversguide.usps.com/mgo/disclaimer\" target=\"_blank\" rel=\"noopener\">official USPS website,</a>&nbsp;cancel your utilities and arrange for them to be set up at your new address, and research movers in your area (or decide if you want to move yourself).</p>\r\n<p style=\"box-sizing: border-box; margin: 0px 0px 1.875rem; padding: 0px; border: 0px; font-style: inherit; font-variant: inherit; font-stretch: inherit; line-height: 2.0625rem; font-size: 1.3125rem; vertical-align: baseline;\"><span style=\"box-sizing: border-box; margin: 0px; padding: 0px; border: 0px; font-style: inherit; font-variant: inherit; font-weight: 900; font-stretch: inherit; line-height: inherit; font-family: inherit; vertical-align: baseline;\">2. Get an Inspection</span></p>\r\n<p style=\"box-sizing: border-box; margin: 0px 0px 1.875rem; padding: 0px; border: 0px; font-style: inherit; font-variant: inherit; font-stretch: inherit; line-height: 2.0625rem; font-size: 1.3125rem; vertical-align: baseline;\">Repairs and maintenance now come out of&nbsp;<em style=\"box-sizing: border-box; margin: 0px; padding: 0px; border: 0px; font-variant: inherit; font-weight: inherit; font-stretch: inherit; line-height: inherit; font-family: inherit; vertical-align: baseline;\">your</em>&nbsp;wallet, not your landlord&rsquo;s. Make a list of things you want checked. Stay in the house during the inspection. If anything needs fixing, request the seller takes care of costs prior to closing.</p>\r\n<p style=\"box-sizing: border-box; margin: 0px 0px 1.875rem; padding: 0px; border: 0px; font-style: inherit; font-variant: inherit; font-stretch: inherit; line-height: 2.0625rem; font-size: 1.3125rem; vertical-align: baseline;\"><span style=\"box-sizing: border-box; margin: 0px; padding: 0px; border: 0px; font-style: inherit; font-variant: inherit; font-weight: 900; font-stretch: inherit; line-height: inherit; font-family: inherit; vertical-align: baseline;\">3. Plan for Chores</span></p>\r\n<p style=\"box-sizing: border-box; margin: 0px 0px 1.875rem; padding: 0px; border: 0px; font-style: inherit; font-variant: inherit; font-stretch: inherit; line-height: 2.0625rem; font-size: 1.3125rem; vertical-align: baseline;\">All those duties your landlord once handled are now your responsibility. Start thinking about investing in a lawnmower, weed trimmer, rake, shovel and sprinklers, as well as a tool set to take care of household fixes. Sound expensive? See #4</p>\r\n<p style=\"box-sizing: border-box; margin: 0px 0px 1.875rem; padding: 0px; border: 0px; font-style: inherit; font-variant: inherit; font-stretch: inherit; line-height: 2.0625rem; font-size: 1.3125rem; vertical-align: baseline;\"><span style=\"box-sizing: border-box; margin: 0px; padding: 0px; border: 0px; font-style: inherit; font-variant: inherit; font-weight: 900; font-stretch: inherit; line-height: inherit; font-family: inherit; vertical-align: baseline;\">4. Purge your Possessions</span></p>\r\n<p style=\"box-sizing: border-box; margin: 0px 0px 1.875rem; padding: 0px; border: 0px; font-style: inherit; font-variant: inherit; font-stretch: inherit; line-height: 2.0625rem; font-size: 1.3125rem; vertical-align: baseline;\">Unless you absolutely cannot live without it, a move is a great time to get rid of it. Hold a garage or yard sale for extra cash to finance your move.</p>\r\n<p style=\"box-sizing: border-box; margin: 0px 0px 1.875rem; padding: 0px; border: 0px; font-style: inherit; font-variant: inherit; font-stretch: inherit; line-height: 2.0625rem; font-size: 1.3125rem; vertical-align: baseline;\"><span style=\"box-sizing: border-box; margin: 0px; padding: 0px; border: 0px; font-style: inherit; font-variant: inherit; font-weight: 900; font-stretch: inherit; line-height: inherit; font-family: inherit; vertical-align: baseline;\">5. Furnish your Home with Items that Grow with You</span></p>\r\n<p style=\"box-sizing: border-box; margin: 0px 0px 1.875rem; padding: 0px; border: 0px; font-style: inherit; font-variant: inherit; font-stretch: inherit; line-height: 2.0625rem; font-size: 1.3125rem; vertical-align: baseline;\">Consider the sofa: why skimp on a second-hand option (which, to be honest, doesn&rsquo;t really match your carpet anyway)? Instead, pick up a high-quality sofa that&rsquo;s designed specifically for your living room-and designed to follow you, move after move. Online innovator&nbsp;<a style=\"box-sizing: border-box; margin: 0px; padding: 0px; border: 0px; font-style: inherit; font-variant: inherit; font-stretch: inherit; line-height: inherit; font-family: inherit; vertical-align: baseline; transition: color 0.25s ease 0s;\" href=\"http://www.pntrac.com/t/TUJGRktKTEJGTUlGSU1CRktFS05O\" target=\"_blank\" rel=\"noopener\">Burrow&rsquo;s</a>&nbsp;modular sofas come with your choice of fabrics, legs, arm heights, and lengths. They&rsquo;re completely modular, meaning that if your space changes, your sofa can grow with you. Best of all,&nbsp;<a style=\"box-sizing: border-box; margin: 0px; padding: 0px; border: 0px; font-style: inherit; font-variant: inherit; font-stretch: inherit; line-height: inherit; font-family: inherit; vertical-align: baseline; transition: color 0.25s ease 0s;\" href=\"http://www.pntrac.com/t/TUJGRktKTEJGTUlGSU1CRktFS05O\" target=\"_blank\" rel=\"noopener\">Burrow</a>&nbsp;ships your sofa directly to you, removing all retail markups and over 70% of standard shipping costs. That&rsquo;s over $600 in sofa savings for you-and one less piece of furniture to move.</p>\r\n<p style=\"box-sizing: border-box; margin: 0px 0px 1.875rem; padding: 0px; border: 0px; font-style: inherit; font-variant: inherit; font-stretch: inherit; line-height: 2.0625rem; font-size: 1.3125rem; vertical-align: baseline;\">Shop the Burrow collection&nbsp;<a style=\"box-sizing: border-box; margin: 0px; padding: 0px; border: 0px; font-style: inherit; font-variant: inherit; font-stretch: inherit; line-height: inherit; font-family: inherit; vertical-align: baseline; transition: color 0.25s ease 0s;\" href=\"http://www.pntrac.com/t/TUJGRktKTEJGTUlGSU1CRktFS05O\" target=\"_blank\" rel=\"noopener\">here.</a></p>\r\n<p style=\"box-sizing: border-box; margin: 0px 0px 1.875rem; padding: 0px; border: 0px; font-style: inherit; font-variant: inherit; font-stretch: inherit; line-height: 2.0625rem; font-size: 1.3125rem; vertical-align: baseline;\"><span style=\"box-sizing: border-box; margin: 0px; padding: 0px; border: 0px; font-style: inherit; font-variant: inherit; font-weight: 900; font-stretch: inherit; line-height: inherit; font-family: inherit; vertical-align: baseline;\">6. Clean, Paint, Exterminate, Install</span></p>\r\n<p style=\"box-sizing: border-box; margin: 0px 0px 1.875rem; padding: 0px; border: 0px; font-style: inherit; font-variant: inherit; font-stretch: inherit; line-height: 2.0625rem; font-size: 1.3125rem; vertical-align: baseline;\">Some things are best done without furniture around. Steam clean the carpet, wipe out the cabinets, paint the walls, spray for pests, and plug in power strips before everything&rsquo;s moved in. It will never be this easy again.</p>\r\n<p style=\"box-sizing: border-box; margin: 0px 0px 1.875rem; padding: 0px; border: 0px; font-style: inherit; font-variant: inherit; font-stretch: inherit; line-height: 2.0625rem; font-size: 1.3125rem; vertical-align: baseline;\"><span style=\"box-sizing: border-box; margin: 0px; padding: 0px; border: 0px; font-style: inherit; font-variant: inherit; font-weight: 900; font-stretch: inherit; line-height: inherit; font-family: inherit; vertical-align: baseline;\">7. Pack a &ldquo;First Day Box&rdquo;</span></p>\r\n<p style=\"box-sizing: border-box; margin: 0px 0px 1.875rem; padding: 0px; border: 0px; font-style: inherit; font-variant: inherit; font-stretch: inherit; line-height: 2.0625rem; font-size: 1.3125rem; vertical-align: baseline;\">A shower curtain &amp; rings, toilet paper, lamp, extension cord, dinnerware, paper plates, and trash bags will make your first day and night in your new home easier.</p>\r\n<p style=\"box-sizing: border-box; margin: 0px 0px 1.875rem; padding: 0px; border: 0px; font-style: inherit; font-variant: inherit; font-stretch: inherit; line-height: 2.0625rem; font-size: 1.3125rem; vertical-align: baseline;\"><span style=\"box-sizing: border-box; margin: 0px; padding: 0px; border: 0px; font-style: inherit; font-variant: inherit; font-weight: 900; font-stretch: inherit; line-height: inherit; font-family: inherit; vertical-align: baseline;\">8. Hire Some (Reasonably-Priced) Help</span></p>\r\n<p style=\"box-sizing: border-box; margin: 0px 0px 1.875rem; padding: 0px; border: 0px; font-style: inherit; font-variant: inherit; font-stretch: inherit; line-height: 2.0625rem; font-size: 1.3125rem; vertical-align: baseline;\">Maybe full-service movers were too expensive for your budget, or maybe your friends all bailed at the last minute (<em style=\"box-sizing: border-box; margin: 0px; padding: 0px; border: 0px; font-variant: inherit; font-weight: inherit; font-stretch: inherit; line-height: inherit; font-family: inherit; vertical-align: baseline;\">really,</em>&nbsp;guys?!). Either way, you&rsquo;ve got a truck full of boxes to unload, and you&rsquo;re still not sure how you&rsquo;re going to fit that inconveniently-shaped couch through the door and up the stairs. Don&rsquo;t sweat it.&nbsp;<a style=\"box-sizing: border-box; margin: 0px; padding: 0px; border: 0px; font-style: inherit; font-variant: inherit; font-stretch: inherit; line-height: inherit; font-family: inherit; vertical-align: baseline; transition: color 0.25s ease 0s;\" href=\"https://www.hireahelper.com/move-help/unloading-help/\" target=\"_blank\" rel=\"noopener\">HireAHelper</a>&nbsp;is an affordable service that sends local professional helpers to unload anything you&rsquo;ve got: big or small, from your moving truck or storage container, so you can say goodbye to late-night, last-minute moving stress and focus on the new adventure ahead.</p>\r\n<h2 id=\"afterthemove\" style=\"box-sizing: border-box; margin: 0px 0px 1.875rem; padding: 0px; border: 0px; font-style: inherit; font-variant: inherit; font-stretch: inherit; line-height: 2rem; font-family: \'RV Montserrat\', helvetica, sans-serif; font-size: 1.875rem; vertical-align: baseline; color: #424242;\">After the Move:</h2>\r\n<p style=\"box-sizing: border-box; margin: 0px 0px 1.875rem; padding: 0px; border: 0px; font-style: inherit; font-variant: inherit; font-stretch: inherit; line-height: 2.0625rem; font-size: 1.3125rem; vertical-align: baseline;\"><span style=\"box-sizing: border-box; margin: 0px; padding: 0px; border: 0px; font-style: inherit; font-variant: inherit; font-weight: 900; font-stretch: inherit; line-height: inherit; font-family: inherit; vertical-align: baseline;\">9. Make a Maintenance Checklist</span></p>\r\n<p style=\"box-sizing: border-box; margin: 0px 0px 1.875rem; padding: 0px; border: 0px; font-style: inherit; font-variant: inherit; font-stretch: inherit; line-height: 2.0625rem; font-size: 1.3125rem; vertical-align: baseline;\">It&rsquo;s easy to take for granted everything your apartment complex&rsquo;s maintenance team took care of. Compile a list right from the start, so these chores aren&rsquo;t forgotten later.</p>\r\n<p style=\"box-sizing: border-box; margin: 0px 0px 1.875rem; padding: 0px; border: 0px; font-style: inherit; font-variant: inherit; font-stretch: inherit; line-height: 2.0625rem; font-size: 1.3125rem; vertical-align: baseline;\">Some (nonexhaustive) suggestions:</p>\r\n<p style=\"box-sizing: border-box; margin: 0px 0px 1.875rem; padding: 0px; border: 0px; font-style: inherit; font-variant: inherit; font-stretch: inherit; line-height: 2.0625rem; font-size: 1.3125rem; vertical-align: baseline;\"><span style=\"box-sizing: border-box; margin: 0px; padding: 0px; border: 0px; font-style: inherit; font-variant: inherit; font-weight: 900; font-stretch: inherit; line-height: inherit; font-family: inherit; vertical-align: baseline;\">Monthly</span><br style=\"box-sizing: border-box;\" />&bull; Clean plumbing fixtures<br style=\"box-sizing: border-box;\" />&bull; Clean range hood filter<br style=\"box-sizing: border-box;\" />&bull; Clean garbage disposal<br style=\"box-sizing: border-box;\" />&bull; Inspect fire extinguishers<br style=\"box-sizing: border-box;\" />&bull; Change HVAC filters<br style=\"box-sizing: border-box;\" />&bull; Clean drains</p>\r\n<p style=\"box-sizing: border-box; margin: 0px 0px 1.875rem; padding: 0px; border: 0px; font-style: inherit; font-variant: inherit; font-stretch: inherit; line-height: 2.0625rem; font-size: 1.3125rem; vertical-align: baseline;\"><span style=\"box-sizing: border-box; margin: 0px; padding: 0px; border: 0px; font-style: inherit; font-variant: inherit; font-weight: 900; font-stretch: inherit; line-height: inherit; font-family: inherit; vertical-align: baseline;\">Bi-Annually</span><br style=\"box-sizing: border-box;\" />&bull; Deep clean entire home<br style=\"box-sizing: border-box;\" />&bull; Inspect water filtration systems<br style=\"box-sizing: border-box;\" />&bull; Run water in seldom used faucets<br style=\"box-sizing: border-box;\" />&bull; Test carbon monoxide and smoke detectors<br style=\"box-sizing: border-box;\" />&bull; Vacuum refrigerator coils</p>\r\n<p style=\"box-sizing: border-box; margin: 0px 0px 1.875rem; padding: 0px; border: 0px; font-style: inherit; font-variant: inherit; font-stretch: inherit; line-height: 2.0625rem; font-size: 1.3125rem; vertical-align: baseline;\"><span style=\"box-sizing: border-box; margin: 0px; padding: 0px; border: 0px; font-style: inherit; font-variant: inherit; font-weight: 900; font-stretch: inherit; line-height: inherit; font-family: inherit; vertical-align: baseline;\">Annually</span><br style=\"box-sizing: border-box;\" />&bull; Schedule termite inspection<br style=\"box-sizing: border-box;\" />&bull; Check kitchen and bathroom grout and caulking<br style=\"box-sizing: border-box;\" />&bull; Clean patio and porch areas<br style=\"box-sizing: border-box;\" />&bull; Clean out the exterior dryer vent<br style=\"box-sizing: border-box;\" />&bull; Evaluate exterior drainage<br style=\"box-sizing: border-box;\" />&bull; Clean chimney<br style=\"box-sizing: border-box;\" />&bull; Inspect all plumbing<br style=\"box-sizing: border-box;\" />&bull; Inspect home exterior and roof<br style=\"box-sizing: border-box;\" />&bull; Service heating/cooling systems<br style=\"box-sizing: border-box;\" />&bull; Clean gutters</p>\r\n<p style=\"box-sizing: border-box; margin: 0px 0px 1.875rem; padding: 0px; border: 0px; font-style: inherit; font-variant: inherit; font-stretch: inherit; line-height: 2.0625rem; font-size: 1.3125rem; vertical-align: baseline;\"><span style=\"box-sizing: border-box; margin: 0px; padding: 0px; border: 0px; font-style: inherit; font-variant: inherit; font-weight: 900; font-stretch: inherit; line-height: inherit; font-family: inherit; vertical-align: baseline;\">10. Change the Locks</span></p>\r\n<p style=\"box-sizing: border-box; margin: 0px 0px 1.875rem; padding: 0px; border: 0px; font-style: inherit; font-variant: inherit; font-stretch: inherit; line-height: 2.0625rem; font-size: 1.3125rem; vertical-align: baseline;\">You never know how many copies of the keys were in circulation before you got them or who had them. Also consider installing a deadbolt or home security system, and have an extra copy of your key made.</p>\r\n<p style=\"box-sizing: border-box; margin: 0px 0px 1.875rem; padding: 0px; border: 0px; font-style: inherit; font-variant: inherit; font-stretch: inherit; line-height: 2.0625rem; font-size: 1.3125rem; vertical-align: baseline;\"><span style=\"box-sizing: border-box; margin: 0px; padding: 0px; border: 0px; font-style: inherit; font-variant: inherit; font-weight: 900; font-stretch: inherit; line-height: inherit; font-family: inherit; vertical-align: baseline;\">11. Replace your Air Filters</span></p>\r\n<p style=\"box-sizing: border-box; margin: 0px 0px 1.875rem; padding: 0px; border: 0px; font-style: inherit; font-variant: inherit; font-stretch: inherit; line-height: 2.0625rem; font-size: 1.3125rem; vertical-align: baseline;\">It takes about 10 seconds and will not only improve air flow but keep your air system or HVAC from using more energy pumping out lower quality air.</p>\r\n<p style=\"box-sizing: border-box; margin: 0px 0px 1.875rem; padding: 0px; border: 0px; font-style: inherit; font-variant: inherit; font-stretch: inherit; line-height: 2.0625rem; font-size: 1.3125rem; vertical-align: baseline;\"><span style=\"box-sizing: border-box; margin: 0px; padding: 0px; border: 0px; font-style: inherit; font-variant: inherit; font-weight: 900; font-stretch: inherit; line-height: inherit; font-family: inherit; vertical-align: baseline;\">12. Locate your Fuse Box and Main Water Valve</span></p>\r\n<p style=\"box-sizing: border-box; margin: 0px 0px 1.875rem; padding: 0px; border: 0px; font-style: inherit; font-variant: inherit; font-stretch: inherit; line-height: 2.0625rem; font-size: 1.3125rem; vertical-align: baseline;\">Good to know in case of emergencies, or if you&rsquo;re about to fix a power or water issue and need to turn off the electricity or cut off the water supply.</p>\r\n<p style=\"box-sizing: border-box; margin: 0px 0px 1.875rem; padding: 0px; border: 0px; font-style: inherit; font-variant: inherit; font-stretch: inherit; line-height: 2.0625rem; font-size: 1.3125rem; vertical-align: baseline;\"><span style=\"box-sizing: border-box; margin: 0px; padding: 0px; border: 0px; font-style: inherit; font-variant: inherit; font-weight: 900; font-stretch: inherit; line-height: inherit; font-family: inherit; vertical-align: baseline;\">13. Fire Protection</span></p>\r\n<p style=\"box-sizing: border-box; margin: 0px 0px 1.875rem; padding: 0px; border: 0px; font-style: inherit; font-variant: inherit; font-stretch: inherit; line-height: 2.0625rem; font-size: 1.3125rem; vertical-align: baseline;\">Make sure smoke alarms are installed, and make sure they work. If you have a second or third story, consider purchasing a roll-up ladder.</p>\r\n<p style=\"box-sizing: border-box; margin: 0px 0px 1.875rem; padding: 0px; border: 0px; font-style: inherit; font-variant: inherit; font-stretch: inherit; line-height: 2.0625rem; font-size: 1.3125rem; vertical-align: baseline;\"><span style=\"box-sizing: border-box; margin: 0px; padding: 0px; border: 0px; font-style: inherit; font-variant: inherit; font-weight: 900; font-stretch: inherit; line-height: inherit; font-family: inherit; vertical-align: baseline;\">14. Meet the Neighbors</span></p>\r\n<p style=\"box-sizing: border-box; margin: 0px 0px 1.875rem; padding: 0px; border: 0px; font-style: inherit; font-variant: inherit; font-stretch: inherit; line-height: 2.0625rem; font-size: 1.3125rem; vertical-align: baseline;\">Don&rsquo;t be afraid to knock on their door and introduce yourself (also, you can&rsquo;t go wrong with treating them to a batch of freshly-baked cookies). If they&rsquo;re next-door, ask about property lines, and who owns what. You should already have a survey, but it never hurts to make sure their perception conforms to your survey.</p>\r\n<p style=\"box-sizing: border-box; margin: 0px 0px 1.875rem; padding: 0px; border: 0px; font-style: inherit; font-variant: inherit; font-stretch: inherit; line-height: 2.0625rem; font-size: 1.3125rem; vertical-align: baseline;\"><span style=\"box-sizing: border-box; margin: 0px; padding: 0px; border: 0px; font-style: inherit; font-variant: inherit; font-weight: 900; font-stretch: inherit; line-height: inherit; font-family: inherit; vertical-align: baseline;\">15. Explore the &lsquo;hood</span></p>\r\n<p style=\"box-sizing: border-box; margin: 0px 0px 1.875rem; padding: 0px; border: 0px; font-style: inherit; font-variant: inherit; font-stretch: inherit; line-height: 2.0625rem; font-size: 1.3125rem; vertical-align: baseline;\">Drive around. Find a new favorite restaurant. Stay up to date on the local events and happenings by monitoring local websites or, if you&rsquo;re old school, subscribing to local newspapers or magazines. It&rsquo;s the best way to help your new location begin to feel like home.</p>\r\n<p style=\"box-sizing: border-box; margin: 0px 0px 1.875rem; padding: 0px; border: 0px; font-style: inherit; font-variant: inherit; font-stretch: inherit; line-height: 2.0625rem; font-size: 1.3125rem; vertical-align: baseline;\">Now all that&rsquo;s left to do is put together that housewarming party guest list. Welcome to your new home!</p>\r\n</div>\r\n<div class=\"post__content\" style=\"box-sizing: border-box; margin: 0px auto; padding: 0px; border: 0px; font-variant-numeric: inherit; font-variant-east-asian: inherit; font-stretch: inherit; line-height: 2.0625rem; font-family: \'Source Serif Pro\', georgia, sans-serif; font-size: 1.3125rem; vertical-align: baseline; max-width: 41.875rem; color: #212121;\"><hr style=\"box-sizing: border-box;\" />\r\n<div class=\"post__author-details\" style=\"box-sizing: border-box; margin: 1.375rem 0px 0px; padding: 0px; border: 0px; font-style: inherit; font-variant: inherit; font-weight: inherit; font-stretch: inherit; line-height: inherit; font-family: inherit; vertical-align: baseline; display: flex;\">\r\n<div class=\"post__author-description\" style=\"box-sizing: border-box; margin: 0px 0px 1.875rem; padding: 0px; border: 0px; font-style: italic; font-variant: inherit; font-weight: inherit; font-stretch: inherit; line-height: 2.0625rem; font-family: inherit; font-size: 1.3125rem; vertical-align: baseline;\">Marisa is an award-winning marketing professional who loves to write. During the day, she wears her marketing hat in her marketing director role and at night she works as a freelance writer, ghost writing for clients and contributing to publications such as Huffington Post and Social Media Today.</div>\r\n</div>\r\n</div>', '2020-08-29 23:42:00', '2020-09-05 20:49:23', '2020-08-21');
INSERT INTO `news` (`id`, `image`, `title`, `content`, `description`, `created_at`, `updated_at`, `date`) VALUES
(22, 'news\\September2020\\mK4PsmvyxlKlgpNMZqnZ.jpg', 'Free Up Counter Space with These Small Kitchen Organization Ideas', 'We hope you like the products we recommend. Just so you are aware, Freshome may collect a share of sales from the links on this page.', '<p>&nbsp; &nbsp; &nbsp; &nbsp; &nbsp; &nbsp; &nbsp; &nbsp; &nbsp; &nbsp; &nbsp; &nbsp; &nbsp; &nbsp; &nbsp; &nbsp; &nbsp; &nbsp; &nbsp; &nbsp; &nbsp; &nbsp; &nbsp; &nbsp; &nbsp; &nbsp; <img src=\"http://localhost/Shopping-FPT/public//storage/news/September2020/shutterstock_708218071-scaled.jpg\" alt=\"\" width=\"741\" height=\"495\" /></p>\r\n<p style=\"box-sizing: border-box; margin: 0px 0px 1.875rem; padding: 0px; border: 0px; font-variant-numeric: inherit; font-variant-east-asian: inherit; font-stretch: inherit; line-height: 2.0625rem; font-family: \'Source Serif Pro\', georgia, sans-serif; font-size: 21px; vertical-align: baseline; color: #212121;\"><em style=\"box-sizing: border-box; margin: 0px; padding: 0px; border: 0px; font-variant: inherit; font-weight: inherit; font-stretch: inherit; line-height: inherit; font-family: inherit; vertical-align: baseline;\">We hope you like the products we recommend. Just so you are aware, Freshome may collect a share of sales from the links on this page.&nbsp;</em></p>\r\n<p style=\"box-sizing: border-box; margin: 0px 0px 1.875rem; padding: 0px; border: 0px; font-variant-numeric: inherit; font-variant-east-asian: inherit; font-stretch: inherit; line-height: 2.0625rem; font-family: \'Source Serif Pro\', georgia, sans-serif; font-size: 21px; vertical-align: baseline; color: #212121;\">Is&nbsp;cooking and entertaining in your small kitchen difficult? A&nbsp;studio-size kitchen is a challenge to work in,&nbsp;but a few&nbsp;small kitchen organization ideas and a couple of&nbsp;hours of your time can turn your teeny kitchen into a modern, minimalist dream for cooking and celebrating.</p>\r\n<p style=\"box-sizing: border-box; margin: 0px 0px 1.875rem; padding: 0px; border: 0px; font-variant-numeric: inherit; font-variant-east-asian: inherit; font-stretch: inherit; line-height: 2.0625rem; font-family: \'Source Serif Pro\', georgia, sans-serif; font-size: 21px; vertical-align: baseline; color: #212121;\">We&rsquo;ve got five inspiring, small kitchens for you that rock. They&rsquo;re full of ideas on how you can declutter your kitchen in&nbsp;fresh, new ways. We&rsquo;ve also included some small kitchen organization products&nbsp;that will help you reclaim or add new counter space and find a home for all the clutter that likes to hang out on your counters.</p>\r\n<h2 style=\"box-sizing: border-box; margin: 0px 0px 1.875rem; padding: 0px; border: 0px; font-variant-numeric: inherit; font-variant-east-asian: inherit; font-stretch: inherit; line-height: 2rem; font-family: \'RV Montserrat\', helvetica, sans-serif; font-size: 1.875rem; vertical-align: baseline; color: #424242;\">1. Light, bright and industrial small kitchen</h2>\r\n<p style=\"box-sizing: border-box; margin: 0px 0px 1.875rem; padding: 0px; border: 0px; font-variant-numeric: inherit; font-variant-east-asian: inherit; font-stretch: inherit; line-height: 2.0625rem; font-family: \'Source Serif Pro\', georgia, sans-serif; font-size: 21px; vertical-align: baseline; color: #212121;\"><img style=\"box-sizing: border-box; margin: 0.625rem 0px; padding: 0px; border: 0px; font-style: inherit; font-variant: inherit; font-weight: inherit; font-stretch: inherit; line-height: inherit; font-family: inherit; vertical-align: baseline; max-width: 100%;\" src=\"https://freshome.com/wp-content/uploads/2017/06/industrial.jpg\" alt=\"small kitchen ideas to get rid of clutter - freshome.com\" /></p>\r\n<p style=\"box-sizing: border-box; margin: 0px 0px 1.875rem; padding: 0px; border: 0px; font-variant-numeric: inherit; font-variant-east-asian: inherit; font-stretch: inherit; line-height: 2.0625rem; font-family: \'Source Serif Pro\', georgia, sans-serif; font-size: 21px; vertical-align: baseline; color: #212121;\">Shop These Products Now:&nbsp;<a style=\"box-sizing: border-box; margin: 0px; padding: 0px; border: 0px; font-style: inherit; font-variant: inherit; font-stretch: inherit; line-height: inherit; font-family: inherit; vertical-align: baseline; transition: color 0.25s ease 0s;\" href=\"https://www.amazon.com/s?k=Kitchen+wall+mount+cutlery+hanger&amp;_encoding=UTF8&amp;camp=1789&amp;creative=9325&amp;linkCode=ur2&amp;linkId=bd26dda288ce51543754c194129cdca5&amp;tag=freshome-kitchen-20&amp;ref=nb_sb_noss\" target=\"_blank\" rel=\"noopener noreferrer\">Cutlery Holder</a>&nbsp;&ndash;&nbsp;<a style=\"box-sizing: border-box; margin: 0px; padding: 0px; border: 0px; font-style: inherit; font-variant: inherit; font-stretch: inherit; line-height: inherit; font-family: inherit; vertical-align: baseline; transition: color 0.25s ease 0s;\" href=\"https://www.amazon.com/s?k=kitchen+utensil+wall+shelf&amp;_encoding=UTF8&amp;camp=1789&amp;creative=9325&amp;linkCode=ur2&amp;linkId=78e30fd97796c582a8b85b966417c1ba&amp;tag=freshome-kitchen-20&amp;ref=nb_sb_noss\" target=\"_blank\" rel=\"noopener noreferrer\">Utensil Self</a>&nbsp;&ndash;&nbsp;<a style=\"box-sizing: border-box; margin: 0px; padding: 0px; border: 0px; font-style: inherit; font-variant: inherit; font-stretch: inherit; line-height: inherit; font-family: inherit; vertical-align: baseline; transition: color 0.25s ease 0s;\" href=\"https://www.amazon.com/Utopia-Kitchen-Utensil-Holder-Container/dp/B01DVG3PCE/ref=sr_1_2?keywords=kitchen+Spoon+Holder&amp;qid=1583985790&amp;sr=8-2&amp;_encoding=UTF8&amp;tag=freshome-kitchen-20&amp;linkCode=ur2&amp;linkId=aa464e5a905a8e715b2769c47ab8c817&amp;camp=1789&amp;creative=9325\" target=\"_blank\" rel=\"noopener noreferrer\">Spoon Holder</a>&nbsp;&ndash;&nbsp;<a style=\"box-sizing: border-box; margin: 0px; padding: 0px; border: 0px; font-style: inherit; font-variant: inherit; font-stretch: inherit; line-height: inherit; font-family: inherit; vertical-align: baseline; transition: color 0.25s ease 0s;\" href=\"https://www.amazon.com/s?k=cooking+Pan&amp;_encoding=UTF8&amp;camp=1789&amp;creative=9325&amp;linkCode=ur2&amp;linkId=8d131dbe4e724340d3f8e0c9c0070b1f&amp;tag=freshome-kitchen-20&amp;ref=nb_sb_noss_2\" target=\"_blank\" rel=\"noopener noreferrer\">Cooking Pan</a></p>\r\n<p style=\"box-sizing: border-box; margin: 0px 0px 1.875rem; padding: 0px; border: 0px; font-variant-numeric: inherit; font-variant-east-asian: inherit; font-stretch: inherit; line-height: 2.0625rem; font-family: \'Source Serif Pro\', georgia, sans-serif; font-size: 21px; vertical-align: baseline; color: #212121;\">First off, consider painting&nbsp;your kitchen in a light, bright white to freshen it up. Or cover the dark, outdated walls or cabinet doors with a fresh, new&nbsp;<a style=\"box-sizing: border-box; margin: 0px; padding: 0px; border: 0px; font-style: inherit; font-variant: inherit; font-stretch: inherit; line-height: inherit; font-family: inherit; vertical-align: baseline; transition: color 0.25s ease 0s;\" href=\"https://freshome.com/removable-wallpaper/\" target=\"_blank\" rel=\"noopener noreferrer\">removable wallpaper</a>.</p>\r\n<p style=\"box-sizing: border-box; margin: 0px 0px 1.875rem; padding: 0px; border: 0px; font-variant-numeric: inherit; font-variant-east-asian: inherit; font-stretch: inherit; line-height: 2.0625rem; font-family: \'Source Serif Pro\', georgia, sans-serif; font-size: 21px; vertical-align: baseline; color: #212121;\">Next, it&rsquo;s&nbsp;time&nbsp;to throw out those cans of hearts of palm you never use and decide what else stays or goes. Once you&rsquo;ve got a good idea of how much you&rsquo;re working with, it&rsquo;s time to find a home for everything that&rsquo;s left.</p>\r\n<p style=\"box-sizing: border-box; margin: 0px 0px 1.875rem; padding: 0px; border: 0px; font-variant-numeric: inherit; font-variant-east-asian: inherit; font-stretch: inherit; line-height: 2.0625rem; font-family: \'Source Serif Pro\', georgia, sans-serif; font-size: 21px; vertical-align: baseline; color: #212121;\">Store what isn&rsquo;t attractive in your cabinets. The rest of the items can display on new, industrial, restaurant-style shelves, bars and hooks like in the photo above.</p>\r\n<p style=\"box-sizing: border-box; margin: 0px 0px 1.875rem; padding: 0px; border: 0px; font-variant-numeric: inherit; font-variant-east-asian: inherit; font-stretch: inherit; line-height: 2.0625rem; font-family: \'Source Serif Pro\', georgia, sans-serif; font-size: 21px; vertical-align: baseline; color: #212121;\">Shop These Products Now:&nbsp;<a style=\"box-sizing: border-box; margin: 0px; padding: 0px; border: 0px; font-style: inherit; font-variant: inherit; font-stretch: inherit; line-height: inherit; font-family: inherit; vertical-align: baseline; transition: color 0.25s ease 0s;\" href=\"https://www.amazon.com/s?k=magnetic+knife+strip&amp;_encoding=UTF8&amp;camp=1789&amp;creative=9325&amp;crid=25CU8YX64CY9Q&amp;linkCode=ur2&amp;linkId=8e16e45a5e9be3c06360f9e9d99c3889&amp;sprefix=magnetic+kni%2Caps%2C424&amp;tag=freshome-kitchen-20&amp;ref=nb_sb_ss_i_1_12\" target=\"_blank\" rel=\"noopener noreferrer\">Magnetic Knife Strip</a>&nbsp;&ndash;&nbsp;<a style=\"box-sizing: border-box; margin: 0px; padding: 0px; border: 0px; font-style: inherit; font-variant: inherit; font-stretch: inherit; line-height: inherit; font-family: inherit; vertical-align: baseline; transition: color 0.25s ease 0s;\" href=\"https://www.amazon.com/s?k=wall+mounted+bowl+rack&amp;_encoding=UTF8&amp;camp=1789&amp;creative=9325&amp;linkCode=ur2&amp;linkId=bd700c31b3b8b934e9fab9c3d6dd492e&amp;tag=freshome-kitchen-20&amp;ref=nb_sb_noss_2\" target=\"_blank\" rel=\"noopener noreferrer\">Bowl Rack</a></p>\r\n<h2 style=\"box-sizing: border-box; margin: 0px 0px 1.875rem; padding: 0px; border: 0px; font-variant-numeric: inherit; font-variant-east-asian: inherit; font-stretch: inherit; line-height: 2rem; font-family: \'RV Montserrat\', helvetica, sans-serif; font-size: 1.875rem; vertical-align: baseline; color: #424242;\">2. Small modern kitchen featuring a modular, rolling island</h2>\r\n<p style=\"box-sizing: border-box; margin: 0px 0px 1.875rem; padding: 0px; border: 0px; font-variant-numeric: inherit; font-variant-east-asian: inherit; font-stretch: inherit; line-height: 2.0625rem; font-family: \'Source Serif Pro\', georgia, sans-serif; font-size: 21px; vertical-align: baseline; color: #212121;\"><img style=\"box-sizing: border-box; margin: 0.625rem 0px; padding: 0px; border: 0px; font-style: inherit; font-variant: inherit; font-weight: inherit; font-stretch: inherit; line-height: inherit; font-family: inherit; vertical-align: baseline; max-width: 100%;\" src=\"https://freshome.com/wp-content/uploads/2017/06/rolling.jpg\" alt=\"rolling island ideas for a small kitchen - freshome.com\" /></p>\r\n<p style=\"box-sizing: border-box; margin: 0px 0px 1.875rem; padding: 0px; border: 0px; font-variant-numeric: inherit; font-variant-east-asian: inherit; font-stretch: inherit; line-height: 2.0625rem; font-family: \'Source Serif Pro\', georgia, sans-serif; font-size: 21px; vertical-align: baseline; color: #212121;\">Shop These Products Now:&nbsp;<a style=\"box-sizing: border-box; margin: 0px; padding: 0px; border: 0px; font-style: inherit; font-variant: inherit; font-stretch: inherit; line-height: inherit; font-family: inherit; vertical-align: baseline; transition: color 0.25s ease 0s;\" href=\"https://www.amazon.com/s?k=Kitchen+Cart&amp;_encoding=UTF8&amp;camp=1789&amp;creative=9325&amp;linkCode=ur2&amp;linkId=413bfe68ea7821490cf9347f4a834eff&amp;tag=freshome-kitchen-20&amp;ref=nb_sb_noss_2\" target=\"_blank\" rel=\"noopener noreferrer\">Kitchen Cart</a>&nbsp;&ndash;&nbsp;<a style=\"box-sizing: border-box; margin: 0px; padding: 0px; border: 0px; font-style: inherit; font-variant: inherit; font-stretch: inherit; line-height: inherit; font-family: inherit; vertical-align: baseline; transition: color 0.25s ease 0s;\" href=\"https://www.amazon.com/s?k=Bar+Stool&amp;_encoding=UTF8&amp;camp=1789&amp;creative=9325&amp;linkCode=ur2&amp;linkId=7e114ac9333119384d89bc8af6f2d826&amp;tag=freshome-kitchen-20&amp;ref=nb_sb_noss_2\" target=\"_blank\" rel=\"noopener noreferrer\">Bar Stool</a>&nbsp;&ndash;&nbsp;<a style=\"box-sizing: border-box; margin: 0px; padding: 0px; border: 0px; font-style: inherit; font-variant: inherit; font-stretch: inherit; line-height: inherit; font-family: inherit; vertical-align: baseline; transition: color 0.25s ease 0s;\" href=\"https://www.amazon.com/s?k=Fruit+Bowl&amp;_encoding=UTF8&amp;camp=1789&amp;creative=9325&amp;linkCode=ur2&amp;linkId=69c68dfdaa9a6f200e0d53c15e807b64&amp;tag=freshome-kitchen-20&amp;ref=nb_sb_noss_2\" target=\"_blank\" rel=\"noopener noreferrer\">Fruit Bowl</a></p>\r\n<p style=\"box-sizing: border-box; margin: 0px 0px 1.875rem; padding: 0px; border: 0px; font-variant-numeric: inherit; font-variant-east-asian: inherit; font-stretch: inherit; line-height: 2.0625rem; font-family: \'Source Serif Pro\', georgia, sans-serif; font-size: 21px; vertical-align: baseline; color: #212121;\">In many small kitchens&nbsp;there isn&rsquo;t much counter space to work with. Basic appliances like a coffee maker or microwave can eat up the little space you have. There&nbsp;are&nbsp;solutions. Choose appliances that can be wall-mounted or under-cabinet mounted. Or add a heavy-duty wall-mounted shelf to hold heavy appliances like a microwave.</p>\r\n<p style=\"box-sizing: border-box; margin: 0px 0px 1.875rem; padding: 0px; border: 0px; font-variant-numeric: inherit; font-variant-east-asian: inherit; font-stretch: inherit; line-height: 2.0625rem; font-family: \'Source Serif Pro\', georgia, sans-serif; font-size: 21px; vertical-align: baseline; color: #212121;\">A&nbsp;small kitchen island can add&nbsp;extra counter space as well as storage &mdash; and even a&nbsp;breakfast bar.&nbsp;Small, round or square islands work better in smaller square spaces. Consider a longer narrow island for a rectangular space. A sofa console on wheels would be a great idea in a longer, galley kitchen. You can roll it into a kitchen as needed and then put it back behind your sofa when done.</p>\r\n<p style=\"box-sizing: border-box; margin: 0px 0px 1.875rem; padding: 0px; border: 0px; font-variant-numeric: inherit; font-variant-east-asian: inherit; font-stretch: inherit; line-height: 2.0625rem; font-family: \'Source Serif Pro\', georgia, sans-serif; font-size: 21px; vertical-align: baseline; color: #212121;\">Butcher blocks or bar carts are other great options because they often come with wheels to&nbsp;roll your island out of the way. A&nbsp;taller&nbsp;cart works well with barstools.</p>\r\n<p style=\"box-sizing: border-box; margin: 0px 0px 1.875rem; padding: 0px; border: 0px; font-variant-numeric: inherit; font-variant-east-asian: inherit; font-stretch: inherit; line-height: 2.0625rem; font-family: \'Source Serif Pro\', georgia, sans-serif; font-size: 21px; vertical-align: baseline; color: #212121;\">Shop These Products Now:&nbsp;<a style=\"box-sizing: border-box; margin: 0px; padding: 0px; border: 0px; font-style: inherit; font-variant: inherit; font-stretch: inherit; line-height: inherit; font-family: inherit; vertical-align: baseline; transition: color 0.25s ease 0s;\" href=\"https://www.amazon.com/s?k=Bar+Stool&amp;_encoding=UTF8&amp;camp=1789&amp;creative=9325&amp;linkCode=ur2&amp;linkId=847fbfaf72f3a33af87352f3801aaea3&amp;tag=freshome-kitchen-20&amp;ref=nb_sb_noss_2\" target=\"_blank\" rel=\"noopener noreferrer\">Bar Stool</a>&nbsp;&ndash;&nbsp;<a style=\"box-sizing: border-box; margin: 0px; padding: 0px; border: 0px; font-style: inherit; font-variant: inherit; font-stretch: inherit; line-height: inherit; font-family: inherit; vertical-align: baseline; transition: color 0.25s ease 0s;\" href=\"https://www.amazon.com/s?k=Kitchen+Cart&amp;_encoding=UTF8&amp;camp=1789&amp;creative=9325&amp;linkCode=ur2&amp;linkId=f6724f2585cffe2a98d14ed3be07ae6b&amp;tag=freshome-kitchen-20&amp;ref=nb_sb_noss_2\" target=\"_blank\" rel=\"noopener noreferrer\">Kitchen Cart</a></p>\r\n<h2 style=\"box-sizing: border-box; margin: 0px 0px 1.875rem; padding: 0px; border: 0px; font-variant-numeric: inherit; font-variant-east-asian: inherit; font-stretch: inherit; line-height: 2rem; font-family: \'RV Montserrat\', helvetica, sans-serif; font-size: 1.875rem; vertical-align: baseline; color: #424242;\">3. A contemporary small kitchen with&nbsp;floating wall shelves for storage</h2>\r\n<p style=\"box-sizing: border-box; margin: 0px 0px 1.875rem; padding: 0px; border: 0px; font-variant-numeric: inherit; font-variant-east-asian: inherit; font-stretch: inherit; line-height: 2.0625rem; font-family: \'Source Serif Pro\', georgia, sans-serif; font-size: 21px; vertical-align: baseline; color: #212121;\"><img style=\"box-sizing: border-box; margin: 0.625rem 0px; padding: 0px; border: 0px; font-style: inherit; font-variant: inherit; font-weight: inherit; font-stretch: inherit; line-height: inherit; font-family: inherit; vertical-align: baseline; max-width: 100%;\" src=\"https://freshome.com/wp-content/uploads/2017/06/floating-ledges.jpg\" alt=\"small kitchen storage ideas - freshome.com\" /></p>\r\n<p style=\"box-sizing: border-box; margin: 0px 0px 1.875rem; padding: 0px; border: 0px; font-variant-numeric: inherit; font-variant-east-asian: inherit; font-stretch: inherit; line-height: 2.0625rem; font-family: \'Source Serif Pro\', georgia, sans-serif; font-size: 21px; vertical-align: baseline; color: #212121;\">Shop These Products Now:&nbsp;<a style=\"box-sizing: border-box; margin: 0px; padding: 0px; border: 0px; font-style: inherit; font-variant: inherit; font-stretch: inherit; line-height: inherit; font-family: inherit; vertical-align: baseline; transition: color 0.25s ease 0s;\" href=\"https://www.amazon.com/s?k=floating+shelves+for+kitchen&amp;_encoding=UTF8&amp;camp=1789&amp;creative=9325&amp;crid=CCUV9544S5M4&amp;linkCode=ur2&amp;linkId=f4c3faa40c12c463eea252e986a1357f&amp;sprefix=Floating+shelves+for+ki%2Caps%2C436&amp;tag=freshome-kitchen-20&amp;ref=nb_sb_ss_i_1_23\" target=\"_blank\" rel=\"noopener noreferrer\">Wall Shelves</a>&nbsp;&ndash;&nbsp;<a style=\"box-sizing: border-box; margin: 0px; padding: 0px; border: 0px; font-style: inherit; font-variant: inherit; font-stretch: inherit; line-height: inherit; font-family: inherit; vertical-align: baseline; transition: color 0.25s ease 0s;\" href=\"https://www.amazon.com/s?k=Range+Hood&amp;_encoding=UTF8&amp;camp=1789&amp;creative=9325&amp;linkCode=ur2&amp;linkId=da1fe883080fb379f4bb943a3fa91c1f&amp;tag=freshome-kitchen-20&amp;ref=nb_sb_noss_2\" target=\"_blank\" rel=\"noopener noreferrer\">Range Hood</a>&nbsp;&ndash;&nbsp;<a style=\"box-sizing: border-box; margin: 0px; padding: 0px; border: 0px; font-style: inherit; font-variant: inherit; font-stretch: inherit; line-height: inherit; font-family: inherit; vertical-align: baseline; transition: color 0.25s ease 0s;\" href=\"https://www.amazon.com/s?k=Toaster&amp;_encoding=UTF8&amp;camp=1789&amp;creative=9325&amp;linkCode=ur2&amp;linkId=32e63c6cca37227ed913bad85e009958&amp;tag=freshome-kitchen-20&amp;ref=nb_sb_noss_2\" target=\"_blank\" rel=\"noopener noreferrer\">Toaster</a></p>\r\n<p style=\"box-sizing: border-box; margin: 0px 0px 1.875rem; padding: 0px; border: 0px; font-variant-numeric: inherit; font-variant-east-asian: inherit; font-stretch: inherit; line-height: 2.0625rem; font-family: \'Source Serif Pro\', georgia, sans-serif; font-size: 21px; vertical-align: baseline; color: #212121;\">If you don&rsquo;t have enough kitchen cabinets but plenty of wall space, a clean, contemporary way to free up your kitchen counters is to display and store items on&nbsp;<a style=\"box-sizing: border-box; margin: 0px; padding: 0px; border: 0px; font-style: inherit; font-variant: inherit; font-stretch: inherit; line-height: inherit; font-family: inherit; vertical-align: baseline; transition: color 0.25s ease 0s;\" href=\"https://freshome.com/inspiration/10-floating-shelves-to-create-contemporary-wall-display/\" target=\"_blank\" rel=\"noopener noreferrer\">cool floating shelves</a>&nbsp;or ledges like the kitchen above.</p>\r\n<p style=\"box-sizing: border-box; margin: 0px 0px 1.875rem; padding: 0px; border: 0px; font-variant-numeric: inherit; font-variant-east-asian: inherit; font-stretch: inherit; line-height: 2.0625rem; font-family: \'Source Serif Pro\', georgia, sans-serif; font-size: 21px; vertical-align: baseline; color: #212121;\">Want to give your kitchen a high-design look like the photo? Group the items by color and add some art objects or framed photos. Leave some areas of the ledges empty so they don&rsquo;t look too cluttered.</p>\r\n<p style=\"box-sizing: border-box; margin: 0px 0px 1.875rem; padding: 0px; border: 0px; font-variant-numeric: inherit; font-variant-east-asian: inherit; font-stretch: inherit; line-height: 2.0625rem; font-family: \'Source Serif Pro\', georgia, sans-serif; font-size: 21px; vertical-align: baseline; color: #212121;\">Another great design choice in the image above is the use of mirror on the backsplash. Add some mirror to a section of your wall behind the countertop to expand the space and reflect more light.</p>\r\n<p style=\"box-sizing: border-box; margin: 0px 0px 1.875rem; padding: 0px; border: 0px; font-variant-numeric: inherit; font-variant-east-asian: inherit; font-stretch: inherit; line-height: 2.0625rem; font-family: \'Source Serif Pro\', georgia, sans-serif; font-size: 21px; vertical-align: baseline; color: #212121;\">Shop These Products Now:&nbsp;<a style=\"box-sizing: border-box; margin: 0px; padding: 0px; border: 0px; font-style: inherit; font-variant: inherit; font-stretch: inherit; line-height: inherit; font-family: inherit; vertical-align: baseline; transition: color 0.25s ease 0s;\" href=\"https://www.amazon.com/s?k=wall+floating+shelves+for+kitchen&amp;_encoding=UTF8&amp;camp=1789&amp;creative=9325&amp;linkCode=ur2&amp;linkId=03cd6129dd5a29998c9da6c585007179&amp;tag=freshome-kitchen-20&amp;ref=nb_sb_noss\" target=\"_blank\" rel=\"noopener noreferrer\">Floating Shelves</a></p>\r\n<h2 style=\"box-sizing: border-box; margin: 0px 0px 1.875rem; padding: 0px; border: 0px; font-variant-numeric: inherit; font-variant-east-asian: inherit; font-stretch: inherit; line-height: 2rem; font-family: \'RV Montserrat\', helvetica, sans-serif; font-size: 1.875rem; vertical-align: baseline; color: #424242;\">4. Small kitchen organization ideas featuring&nbsp;bookcases</h2>\r\n<p style=\"box-sizing: border-box; margin: 0px 0px 1.875rem; padding: 0px; border: 0px; font-variant-numeric: inherit; font-variant-east-asian: inherit; font-stretch: inherit; line-height: 2.0625rem; font-family: \'Source Serif Pro\', georgia, sans-serif; font-size: 21px; vertical-align: baseline; color: #212121;\"><img style=\"box-sizing: border-box; margin: 0.625rem 0px; padding: 0px; border: 0px; font-style: inherit; font-variant: inherit; font-weight: inherit; font-stretch: inherit; line-height: inherit; font-family: inherit; vertical-align: baseline; max-width: 100%;\" src=\"https://freshome.com/wp-content/uploads/2017/06/bookcases.jpg\" alt=\"small apartment kitchen ideas and studio kitchen storage ideas - freshome.com\" /></p>\r\n<p style=\"box-sizing: border-box; margin: 0px 0px 1.875rem; padding: 0px; border: 0px; font-variant-numeric: inherit; font-variant-east-asian: inherit; font-stretch: inherit; line-height: 2.0625rem; font-family: \'Source Serif Pro\', georgia, sans-serif; font-size: 21px; vertical-align: baseline; color: #212121;\">Shop These Products Now:&nbsp;<a style=\"box-sizing: border-box; margin: 0px; padding: 0px; border: 0px; font-style: inherit; font-variant: inherit; font-stretch: inherit; line-height: inherit; font-family: inherit; vertical-align: baseline; transition: color 0.25s ease 0s;\" href=\"https://www.amazon.com/s?k=cooking+pan+hangers&amp;_encoding=UTF8&amp;camp=1789&amp;creative=9325&amp;crid=1L9JOBN7QXDBJ&amp;linkCode=ur2&amp;linkId=0f0b86355cfb5ebf90e874669cc12bb3&amp;sprefix=Cooking+Pan+Han%2Caps%2C972&amp;tag=freshome-kitchen-20&amp;ref=nb_sb_ss_i_3_15\" target=\"_blank\" rel=\"noopener noreferrer\">Cooking Pan Hanger</a>&nbsp;&ndash;&nbsp;<a style=\"box-sizing: border-box; margin: 0px; padding: 0px; border: 0px; font-style: inherit; font-variant: inherit; font-stretch: inherit; line-height: inherit; font-family: inherit; vertical-align: baseline; transition: color 0.25s ease 0s;\" href=\"https://www.amazon.com/s?k=Spoon+Holder&amp;_encoding=UTF8&amp;camp=1789&amp;creative=9325&amp;linkCode=ur2&amp;linkId=c3dd6f6f2d27c2fb741f282f82520220&amp;tag=freshome-kitchen-20&amp;ref=nb_sb_noss_2\" target=\"_blank\" rel=\"noopener noreferrer\">Spoon Holder</a>&nbsp;&ndash;&nbsp;<a style=\"box-sizing: border-box; margin: 0px; padding: 0px; border: 0px; font-style: inherit; font-variant: inherit; font-stretch: inherit; line-height: inherit; font-family: inherit; vertical-align: baseline; transition: color 0.25s ease 0s;\" href=\"https://www.amazon.com/s?k=Toaster&amp;_encoding=UTF8&amp;camp=1789&amp;creative=9325&amp;linkCode=ur2&amp;linkId=ab4b7c1598aaf1670ea4d21d79d020dd&amp;tag=freshome-kitchen-20&amp;ref=nb_sb_noss_2\" target=\"_blank\" rel=\"noopener noreferrer\">Toaster</a></p>\r\n<p style=\"box-sizing: border-box; margin: 0px 0px 1.875rem; padding: 0px; border: 0px; font-variant-numeric: inherit; font-variant-east-asian: inherit; font-stretch: inherit; line-height: 2.0625rem; font-family: \'Source Serif Pro\', georgia, sans-serif; font-size: 21px; vertical-align: baseline; color: #212121;\">Adding or replacing kitchen cabinets can be expensive. And if you rent, the project may not even be allowed. Why not buy some good, inexpensive bookcases and make a storage wall for all your kitchen items?</p>\r\n<p style=\"box-sizing: border-box; margin: 0px 0px 1.875rem; padding: 0px; border: 0px; font-variant-numeric: inherit; font-variant-east-asian: inherit; font-stretch: inherit; line-height: 2.0625rem; font-family: \'Source Serif Pro\', georgia, sans-serif; font-size: 21px; vertical-align: baseline; color: #212121;\">Look for taller but narrow bookcases and mix and match doors to hide some of the items. Or a selection of baskets can serve as drawers in your bookcases, ready to catch all the smaller items and linens.</p>\r\n<p style=\"box-sizing: border-box; margin: 0px 0px 1.875rem; padding: 0px; border: 0px; font-variant-numeric: inherit; font-variant-east-asian: inherit; font-stretch: inherit; line-height: 2.0625rem; font-family: \'Source Serif Pro\', georgia, sans-serif; font-size: 21px; vertical-align: baseline; color: #212121;\">Another interesting small kitchen idea in the image above is the hooks over the window for hanging&nbsp;pots and pans.&nbsp;Pots and pans take up a lot of space and hanging them from a pot rack or hooks is a good way to free up a cabinet or counter.</p>\r\n<p style=\"box-sizing: border-box; margin: 0px 0px 1.875rem; padding: 0px; border: 0px; font-variant-numeric: inherit; font-variant-east-asian: inherit; font-stretch: inherit; line-height: 2.0625rem; font-family: \'Source Serif Pro\', georgia, sans-serif; font-size: 21px; vertical-align: baseline; color: #212121;\">Shop These Products Now:&nbsp;<a style=\"box-sizing: border-box; margin: 0px; padding: 0px; border: 0px; font-style: inherit; font-variant: inherit; font-stretch: inherit; line-height: inherit; font-family: inherit; vertical-align: baseline; transition: color 0.25s ease 0s;\" href=\"https://www.amazon.com/s?k=cooking+pan+hangers&amp;_encoding=UTF8&amp;camp=1789&amp;creative=9325&amp;crid=3V7MFFXDJKYJY&amp;linkCode=ur2&amp;linkId=cdf4735f284d8daf67b8e00dcdf765a2&amp;sprefix=cooking+pan+%2Caps%2C612&amp;tag=freshome-kitchen-20&amp;ref=nb_sb_ss_i_7_12\" target=\"_blank\" rel=\"noopener noreferrer\">Cooking Pan Wall Mount Rail</a></p>\r\n<h2 style=\"box-sizing: border-box; margin: 0px 0px 1.875rem; padding: 0px; border: 0px; font-variant-numeric: inherit; font-variant-east-asian: inherit; font-stretch: inherit; line-height: 2rem; font-family: \'RV Montserrat\', helvetica, sans-serif; font-size: 1.875rem; vertical-align: baseline; color: #424242;\">5. A minimalist kitchen that brings many&nbsp;small apartment organization ideas together</h2>\r\n<p style=\"box-sizing: border-box; margin: 0px 0px 1.875rem; padding: 0px; border: 0px; font-variant-numeric: inherit; font-variant-east-asian: inherit; font-stretch: inherit; line-height: 2.0625rem; font-family: \'Source Serif Pro\', georgia, sans-serif; font-size: 21px; vertical-align: baseline; color: #212121;\"><img style=\"box-sizing: border-box; margin: 0.625rem 0px; padding: 0px; border: 0px; font-style: inherit; font-variant: inherit; font-weight: inherit; font-stretch: inherit; line-height: inherit; font-family: inherit; vertical-align: baseline; max-width: 100%;\" src=\"https://freshome.com/wp-content/uploads/2017/06/modern-storing.jpg\" alt=\"clutter-free small kitchen decorating - freshome.com\" /></p>\r\n<p style=\"box-sizing: border-box; margin: 0px 0px 1.875rem; padding: 0px; border: 0px; font-variant-numeric: inherit; font-variant-east-asian: inherit; font-stretch: inherit; line-height: 2.0625rem; font-family: \'Source Serif Pro\', georgia, sans-serif; font-size: 21px; vertical-align: baseline; color: #212121;\">Shop These Products Now:&nbsp;<a style=\"box-sizing: border-box; margin: 0px; padding: 0px; border: 0px; font-style: inherit; font-variant: inherit; font-stretch: inherit; line-height: inherit; font-family: inherit; vertical-align: baseline; transition: color 0.25s ease 0s;\" href=\"https://www.amazon.com/s?k=glass+holder+wall+mounted&amp;_encoding=UTF8&amp;camp=1789&amp;creative=9325&amp;crid=2BZ8UDTFW6V3U&amp;linkCode=ur2&amp;linkId=3833ecb0ff482be0234a4fc97b28b1a3&amp;sprefix=Glass+holder+%2Caps%2C425&amp;tag=freshome-kitchen-20&amp;ref=nb_sb_ss_i_4_13\" target=\"_blank\" rel=\"noopener noreferrer\">Glass Holder</a>&nbsp;&ndash;&nbsp;<a style=\"box-sizing: border-box; margin: 0px; padding: 0px; border: 0px; font-style: inherit; font-variant: inherit; font-stretch: inherit; line-height: inherit; font-family: inherit; vertical-align: baseline; transition: color 0.25s ease 0s;\" href=\"https://www.amazon.com/s?k=Utensil+holder+wall+mounted&amp;_encoding=UTF8&amp;camp=1789&amp;creative=9325&amp;linkCode=ur2&amp;linkId=aad00798fc5956788fa9162764c0240d&amp;tag=freshome-kitchen-20&amp;ref=nb_sb_noss_2\" target=\"_blank\" rel=\"noopener noreferrer\">Utensil Holder</a>&nbsp;&ndash;&nbsp;<a style=\"box-sizing: border-box; margin: 0px; padding: 0px; border: 0px; font-style: inherit; font-variant: inherit; font-stretch: inherit; line-height: inherit; font-family: inherit; vertical-align: baseline; transition: color 0.25s ease 0s;\" href=\"https://www.amazon.com/s?k=Sink+Faucet&amp;_encoding=UTF8&amp;camp=1789&amp;creative=9325&amp;linkCode=ur2&amp;linkId=0c8611ea6452df85646efe55f2182afa&amp;tag=freshome-kitchen-20&amp;ref=nb_sb_noss_2\" target=\"_blank\" rel=\"noopener noreferrer\">Sink Faucet</a></p>\r\n<p style=\"box-sizing: border-box; margin: 0px 0px 1.875rem; padding: 0px; border: 0px; font-variant-numeric: inherit; font-variant-east-asian: inherit; font-stretch: inherit; line-height: 2.0625rem; font-family: \'Source Serif Pro\', georgia, sans-serif; font-size: 21px; vertical-align: baseline; color: #212121;\">This beautiful and clutter-free kitchen works because most elements are multipurpose. A low bookcase with a mounted countertop creates an island with storage and counter surface. The cubbies can even hold small appliances. More than a dozen knives are kept in a small knife block on the counter.</p>\r\n<p style=\"box-sizing: border-box; margin: 0px 0px 1.875rem; padding: 0px; border: 0px; font-variant-numeric: inherit; font-variant-east-asian: inherit; font-stretch: inherit; line-height: 2.0625rem; font-family: \'Source Serif Pro\', georgia, sans-serif; font-size: 21px; vertical-align: baseline; color: #212121;\">A wall-mounted stainless steel bar can hold cooking utensils and with hooks, even coffee mugs or smaller pots and pans. The wall-mounted wine glass holder can also serve as a floating ledge.</p>\r\n<p style=\"box-sizing: border-box; margin: 0px 0px 1.875rem; padding: 0px; border: 0px; font-variant-numeric: inherit; font-variant-east-asian: inherit; font-stretch: inherit; line-height: 2.0625rem; font-family: \'Source Serif Pro\', georgia, sans-serif; font-size: 21px; vertical-align: baseline; color: #212121;\">Shop These Products Now:&nbsp;<a style=\"box-sizing: border-box; margin: 0px; padding: 0px; border: 0px; font-style: inherit; font-variant: inherit; font-stretch: inherit; line-height: inherit; font-family: inherit; vertical-align: baseline; transition: color 0.25s ease 0s;\" href=\"https://www.amazon.com/s?k=glass+holder+wall+mounted&amp;_encoding=UTF8&amp;camp=1789&amp;creative=9325&amp;linkCode=ur2&amp;linkId=250edc17adc515a667f95027d5f41e6e&amp;tag=freshome-kitchen-20&amp;ref=nb_sb_noss_1\" target=\"_blank\" rel=\"noopener noreferrer\">Glass Holder</a>&nbsp;&ndash;&nbsp;<a style=\"box-sizing: border-box; margin: 0px; padding: 0px; border: 0px; font-style: inherit; font-variant: inherit; font-stretch: inherit; line-height: inherit; font-family: inherit; vertical-align: baseline; transition: color 0.25s ease 0s;\" href=\"https://www.amazon.com/s?k=Magnetic+Knife+Strip&amp;_encoding=UTF8&amp;camp=1789&amp;creative=9325&amp;linkCode=ur2&amp;linkId=c9e3707b40bad41fd58064e60f96f577&amp;tag=freshome-kitchen-20&amp;ref=nb_sb_noss_1\" target=\"_blank\" rel=\"noopener noreferrer\">Magnetic Knife Strip</a>&nbsp;&ndash;&nbsp;<a style=\"box-sizing: border-box; margin: 0px; padding: 0px; border: 0px; font-style: inherit; font-variant: inherit; font-stretch: inherit; line-height: inherit; font-family: inherit; vertical-align: baseline; transition: color 0.25s ease 0s;\" href=\"https://www.amazon.com/s?k=bottle+wall+mounted+for+kitchen&amp;_encoding=UTF8&amp;camp=1789&amp;creative=9325&amp;linkCode=ur2&amp;linkId=caf4b6144311d1ddab1f5657e16fdc5d&amp;tag=freshome-kitchen-20&amp;ref=nb_sb_noss\" target=\"_blank\" rel=\"noopener noreferrer\">Bottle Wall Mounted Rack</a></p>\r\n<p style=\"box-sizing: border-box; margin: 0px 0px 1.875rem; padding: 0px; border: 0px; font-variant-numeric: inherit; font-variant-east-asian: inherit; font-stretch: inherit; line-height: 2.0625rem; font-family: \'Source Serif Pro\', georgia, sans-serif; font-size: 21px; vertical-align: baseline; color: #212121;\">How will you organize your small kitchen and take back your counter space?</p>', '2020-08-30 00:11:00', '2020-09-05 20:43:00', '2020-08-28');
INSERT INTO `news` (`id`, `image`, `title`, `content`, `description`, `created_at`, `updated_at`, `date`) VALUES
(23, 'news\\August2020\\GjF9jBivJ7gzRc9WIxKQ.jpg', 'The Best Dorm Room Organization and Storage Hacks', 'Moving from your homes bedroom into a small dorm room can be a major adjustment. The key to living small is all about dorm room organization. Avoid the dreaded small-space clutter with these must-know storage ideas.', '<p>&nbsp; &nbsp; &nbsp; &nbsp; &nbsp; &nbsp; &nbsp; &nbsp; &nbsp; &nbsp; &nbsp; &nbsp; &nbsp; &nbsp; &nbsp; &nbsp; &nbsp; &nbsp; &nbsp; &nbsp; &nbsp; &nbsp; &nbsp; &nbsp; &nbsp; &nbsp; &nbsp; &nbsp; &nbsp; &nbsp; &nbsp; &nbsp; &nbsp;&nbsp;<img src=\"http://localhost/Shopping-FPT/public//storage/news/September2020/GjF9jBivJ7gzRc9WIxKQ.jpg\" alt=\"\" width=\"740\" height=\"491\" /></p>\r\n<div id=\"contentContainer\" class=\"post__content\" style=\"box-sizing: border-box; margin: 0px auto; padding: 0px; border: 0px; font-variant-numeric: inherit; font-variant-east-asian: inherit; font-stretch: inherit; line-height: 2.0625rem; font-family: \'Source Serif Pro\', georgia, sans-serif; font-size: 1.3125rem; vertical-align: baseline; max-width: 41.875rem; color: #212121;\">\r\n<p style=\"box-sizing: border-box; margin: 0px 0px 1.875rem; padding: 0px; border: 0px; font-style: inherit; font-variant: inherit; font-stretch: inherit; line-height: 2.0625rem; font-size: 1.3125rem; vertical-align: baseline;\">Moving from your home&rsquo;s bedroom into a small dorm room can be a major adjustment. The key to &ldquo;living small&rdquo; is all about dorm room organization. Avoid the dreaded small-space clutter with these must-know storage ideas.</p>\r\n<ul style=\"box-sizing: border-box; margin: 0px 0px 1.875rem; padding: 0px 0px 0px 1.4375rem; border: 0px; font-style: inherit; font-variant: inherit; font-weight: inherit; font-stretch: inherit; line-height: inherit; font-family: inherit; vertical-align: baseline; list-style-position: initial; list-style-image: initial;\">\r\n<li style=\"box-sizing: border-box; margin: 0px 0px 0.625rem; padding: 0px; border: 0px; font-style: inherit; font-variant: inherit; font-weight: inherit; font-stretch: inherit; line-height: 2.0625rem; font-family: inherit; font-size: 1.3125rem; vertical-align: baseline;\"><span style=\"box-sizing: border-box; margin: 0px; padding: 0px; border: 0px; font-style: inherit; font-variant: inherit; font-weight: 900; font-stretch: inherit; line-height: inherit; font-family: inherit; vertical-align: baseline;\">Keep your cool with an over the fridge organizer:</span>&nbsp;An&nbsp;<a style=\"box-sizing: border-box; margin: 0px; padding: 0px; border: 0px; font-style: inherit; font-variant: inherit; font-stretch: inherit; line-height: inherit; font-family: inherit; vertical-align: baseline; transition: color 0.25s ease 0s;\" href=\"https://www.amazon.com/DormCo-Cookin-Caddy-Storage-Organizer/dp/B00XI8VWYO/?&amp;_encoding=UTF8&amp;tag=mymove0e-20&amp;linkCode=ur2&amp;linkId=29f45588816554e5e65a834ecc7cba57&amp;camp=1789&amp;creative=9325\" target=\"_blank\" rel=\"noopener\">over the fridge organizer</a>&nbsp;not only saves space, but keeps your utensils and plates in order. To DIY, pick a fun patterned fabric, and&nbsp;<a style=\"box-sizing: border-box; margin: 0px; padding: 0px; border: 0px; font-style: inherit; font-variant: inherit; font-stretch: inherit; line-height: inherit; font-family: inherit; vertical-align: baseline; transition: color 0.25s ease 0s;\" href=\"https://www.pinterest.com/search/pins/?q=over%20the%20fridge%20dorm%20organizer&amp;rs=typed&amp;term_meta%5b%5d=over%20the%20fridge%20dorm%20organizer%7Ctyped\" target=\"_blank\" rel=\"noopener\">create a customized organizer</a>&nbsp;for your mini-fridge.</li>\r\n</ul>\r\n<ul style=\"box-sizing: border-box; margin: 0px 0px 1.875rem; padding: 0px 0px 0px 1.4375rem; border: 0px; font-style: inherit; font-variant: inherit; font-weight: inherit; font-stretch: inherit; line-height: inherit; font-family: inherit; vertical-align: baseline; list-style-position: initial; list-style-image: initial;\">\r\n<li style=\"box-sizing: border-box; margin: 0px 0px 0.625rem; padding: 0px; border: 0px; font-style: inherit; font-variant: inherit; font-weight: inherit; font-stretch: inherit; line-height: 2.0625rem; font-family: inherit; font-size: 1.3125rem; vertical-align: baseline;\"><span style=\"box-sizing: border-box; margin: 0px; padding: 0px; border: 0px; font-style: inherit; font-variant: inherit; font-weight: 900; font-stretch: inherit; line-height: inherit; font-family: inherit; vertical-align: baseline;\">Have your supplies take a seat:</span>&nbsp;You can only fit so much on your desk. An&nbsp;<a style=\"box-sizing: border-box; margin: 0px; padding: 0px; border: 0px; font-style: inherit; font-variant: inherit; font-stretch: inherit; line-height: inherit; font-family: inherit; vertical-align: baseline; transition: color 0.25s ease 0s;\" href=\"https://www.amazon.com/Pacon-Pocket-Chart-Chair-Storage/dp/B00IFE2UPG/?&amp;_encoding=UTF8&amp;tag=mymove0e-20&amp;linkCode=ur2&amp;linkId=76f4dfb548b744b9661929d1a9e24bbb&amp;camp=1789&amp;creative=9325\" target=\"_blank\" rel=\"noopener\">over the chair organizer</a>&nbsp;is the perfect solution. Store extra notebooks, highlighters, and&nbsp;<a style=\"box-sizing: border-box; margin: 0px; padding: 0px; border: 0px; font-style: inherit; font-variant: inherit; font-stretch: inherit; line-height: inherit; font-family: inherit; vertical-align: baseline; transition: color 0.25s ease 0s;\" href=\"https://www.pinterest.com/search/pins/?q=dorm%20over%20the%20chair%20organizer&amp;rs=typed&amp;term_meta%5b%5d=dorm%20over%20the%20chair%20organizer%7Ctyped\" target=\"_blank\" rel=\"noopener\">other items you need access to</a>&nbsp;as you&rsquo;re studying the night away.</li>\r\n</ul>\r\n<ul style=\"box-sizing: border-box; margin: 0px 0px 1.875rem; padding: 0px 0px 0px 1.4375rem; border: 0px; font-style: inherit; font-variant: inherit; font-weight: inherit; font-stretch: inherit; line-height: inherit; font-family: inherit; vertical-align: baseline; list-style-position: initial; list-style-image: initial;\">\r\n<li style=\"box-sizing: border-box; margin: 0px 0px 0.625rem; padding: 0px; border: 0px; font-style: inherit; font-variant: inherit; font-weight: inherit; font-stretch: inherit; line-height: 2.0625rem; font-family: inherit; font-size: 1.3125rem; vertical-align: baseline;\"><span style=\"box-sizing: border-box; margin: 0px; padding: 0px; border: 0px; font-style: inherit; font-variant: inherit; font-weight: 900; font-stretch: inherit; line-height: inherit; font-family: inherit; vertical-align: baseline;\">Go vertical:</span>&nbsp;Take advantage of your dorm room&rsquo;s height. Add an&nbsp;<a style=\"box-sizing: border-box; margin: 0px; padding: 0px; border: 0px; font-style: inherit; font-variant: inherit; font-stretch: inherit; line-height: inherit; font-family: inherit; vertical-align: baseline; transition: color 0.25s ease 0s;\" href=\"https://www.amazon.com/Decorative-Shelf-Over-Shelving-Unit/dp/B010E9OA7A/?&amp;_encoding=UTF8&amp;tag=mymove0e-20&amp;linkCode=ur2&amp;linkId=307a4f1feb3f8028215a70a8be963f2a&amp;camp=1789&amp;creative=9325\" target=\"_blank\" rel=\"noopener\">over the bed shelving</a>&nbsp;unit to keep items in order and&nbsp;<a style=\"box-sizing: border-box; margin: 0px; padding: 0px; border: 0px; font-style: inherit; font-variant: inherit; font-stretch: inherit; line-height: inherit; font-family: inherit; vertical-align: baseline; transition: color 0.25s ease 0s;\" href=\"https://www.pinterest.com/search/pins/?q=over%20the%20bed%20shelving%20unit%20dorm&amp;rs=typed&amp;term_meta%5b%5d=over%20the%20bed%20shelving%20unit%20dorm%7Ctyped\" target=\"_blank\" rel=\"noopener\">easy to access</a>.</li>\r\n</ul>\r\n<ul style=\"box-sizing: border-box; margin: 0px 0px 1.875rem; padding: 0px 0px 0px 1.4375rem; border: 0px; font-style: inherit; font-variant: inherit; font-weight: inherit; font-stretch: inherit; line-height: inherit; font-family: inherit; vertical-align: baseline; list-style-position: initial; list-style-image: initial;\">\r\n<li style=\"box-sizing: border-box; margin: 0px 0px 0.625rem; padding: 0px; border: 0px; font-style: inherit; font-variant: inherit; font-weight: inherit; font-stretch: inherit; line-height: 2.0625rem; font-family: inherit; font-size: 1.3125rem; vertical-align: baseline;\"><span style=\"box-sizing: border-box; margin: 0px; padding: 0px; border: 0px; font-style: inherit; font-variant: inherit; font-weight: 900; font-stretch: inherit; line-height: inherit; font-family: inherit; vertical-align: baseline;\">Keep it close with a bedside caddy:</span>&nbsp;This genius&nbsp;<a style=\"box-sizing: border-box; margin: 0px; padding: 0px; border: 0px; font-style: inherit; font-variant: inherit; font-stretch: inherit; line-height: inherit; font-family: inherit; vertical-align: baseline; transition: color 0.25s ease 0s;\" href=\"https://www.amazon.com/Joywell-Bedside-Storage-Organizer-Magazine/dp/B07VD5YRSH/?&amp;_encoding=UTF8&amp;tag=mymove0e-20&amp;linkCode=ur2&amp;linkId=38a9289a820e95305b1d6ee08d25f59d&amp;camp=1789&amp;creative=9325\" target=\"_blank\" rel=\"noopener\">dorm room organization hack</a>&nbsp;is tiny but mighty with pockets to store your water bottle, phone, and laptop. No assembly required, just slide the&nbsp;<a style=\"box-sizing: border-box; margin: 0px; padding: 0px; border: 0px; font-style: inherit; font-variant: inherit; font-stretch: inherit; line-height: inherit; font-family: inherit; vertical-align: baseline; transition: color 0.25s ease 0s;\" href=\"https://www.pinterest.com/search/pins/?q=bedside%20caddy%20dorm&amp;rs=typed&amp;term_meta%5b%5d=bedside%7Ctyped&amp;term_meta%5b%5d=caddy%7Ctyped&amp;term_meta%5b%5d=dorm%7Ctyped\" target=\"_blank\" rel=\"noopener\">bedside caddy</a>&nbsp;between your mattress and bed frame.</li>\r\n</ul>\r\n<ul style=\"box-sizing: border-box; margin: 0px 0px 1.875rem; padding: 0px 0px 0px 1.4375rem; border: 0px; font-style: inherit; font-variant: inherit; font-weight: inherit; font-stretch: inherit; line-height: inherit; font-family: inherit; vertical-align: baseline; list-style-position: initial; list-style-image: initial;\">\r\n<li style=\"box-sizing: border-box; margin: 0px 0px 0.625rem; padding: 0px; border: 0px; font-style: inherit; font-variant: inherit; font-weight: inherit; font-stretch: inherit; line-height: 2.0625rem; font-family: inherit; font-size: 1.3125rem; vertical-align: baseline;\"><span style=\"box-sizing: border-box; margin: 0px; padding: 0px; border: 0px; font-style: inherit; font-variant: inherit; font-weight: 900; font-stretch: inherit; line-height: inherit; font-family: inherit; vertical-align: baseline;\">Make laundry day easy with a collapsible cart:</span>&nbsp;Keep your laundry off the floor in this&nbsp;<a style=\"box-sizing: border-box; margin: 0px; padding: 0px; border: 0px; font-style: inherit; font-variant: inherit; font-stretch: inherit; line-height: inherit; font-family: inherit; vertical-align: baseline; transition: color 0.25s ease 0s;\" href=\"https://www.amazon.com/Caroeas-Laundry-Collapsible-Rolling-Leather/dp/B07F32RB3D/?&amp;_encoding=UTF8&amp;tag=mymove0e-20&amp;linkCode=ur2&amp;linkId=aa2cdfe31ee5d65581e8b7b7e731fbbe&amp;camp=1789&amp;creative=9325\" target=\"_blank\" rel=\"noopener\">rolling laundry cart</a>&nbsp;that can collapse when not in use.&nbsp;<a style=\"box-sizing: border-box; margin: 0px; padding: 0px; border: 0px; font-style: inherit; font-variant: inherit; font-stretch: inherit; line-height: inherit; font-family: inherit; vertical-align: baseline; transition: color 0.25s ease 0s;\" href=\"https://www.pinterest.com/search/pins/?q=dorm%20rolling%20laundry%20cart%20collapsible&amp;rs=typed&amp;term_meta%5b%5d=dorm%7Ctyped&amp;term_meta%5b%5d=rolling%7Ctyped&amp;term_meta%5b%5d=laundry%7Ctyped&amp;term_meta%5b%5d=cart%7Ctyped&amp;term_meta%5b%5d=collapsible%7Ctyped\" target=\"_blank\" rel=\"noopener\">Easily wheel</a>&nbsp;your clothes back and forth to the laundry room.</li>\r\n</ul>\r\n<ul style=\"box-sizing: border-box; margin: 0px 0px 1.875rem; padding: 0px 0px 0px 1.4375rem; border: 0px; font-style: inherit; font-variant: inherit; font-weight: inherit; font-stretch: inherit; line-height: inherit; font-family: inherit; vertical-align: baseline; list-style-position: initial; list-style-image: initial;\">\r\n<li style=\"box-sizing: border-box; margin: 0px 0px 0.625rem; padding: 0px; border: 0px; font-style: inherit; font-variant: inherit; font-weight: inherit; font-stretch: inherit; line-height: 2.0625rem; font-family: inherit; font-size: 1.3125rem; vertical-align: baseline;\"><span style=\"box-sizing: border-box; margin: 0px; padding: 0px; border: 0px; font-style: inherit; font-variant: inherit; font-weight: 900; font-stretch: inherit; line-height: inherit; font-family: inherit; vertical-align: baseline;\">Combine seating and storage:</span>&nbsp;Add this&nbsp;<a style=\"box-sizing: border-box; margin: 0px; padding: 0px; border: 0px; font-style: inherit; font-variant: inherit; font-stretch: inherit; line-height: inherit; font-family: inherit; vertical-align: baseline; transition: color 0.25s ease 0s;\" href=\"https://www.amazon.com/Sorbus-Storage-Ottoman-Bench-Contemporary/dp/B06XT614VF/?&amp;_encoding=UTF8&amp;tag=mymove0e-20&amp;linkCode=ur2&amp;linkId=f4b367d9e799e94e359c3b19bf8f1fb8&amp;camp=1789&amp;creative=9325\" target=\"_blank\" rel=\"noopener\">storage ottoman</a>&nbsp;to your dorm storage ideas list. Use it for&nbsp;<a style=\"box-sizing: border-box; margin: 0px; padding: 0px; border: 0px; font-style: inherit; font-variant: inherit; font-stretch: inherit; line-height: inherit; font-family: inherit; vertical-align: baseline; transition: color 0.25s ease 0s;\" href=\"https://www.pinterest.com/search/pins/?q=dorm%20storage%20ottoman&amp;rs=typed&amp;term_meta%5b%5d=dorm%7Ctyped&amp;term_meta%5b%5d=storage%7Ctyped&amp;term_meta%5b%5d=ottoman%7Ctyped\" target=\"_blank\" rel=\"noopener\">seating and to tuck away</a>&nbsp;a throw blanket or your secret snack stash.</li>\r\n</ul>\r\n<ul style=\"box-sizing: border-box; margin: 0px 0px 1.875rem; padding: 0px 0px 0px 1.4375rem; border: 0px; font-style: inherit; font-variant: inherit; font-weight: inherit; font-stretch: inherit; line-height: inherit; font-family: inherit; vertical-align: baseline; list-style-position: initial; list-style-image: initial;\">\r\n<li style=\"box-sizing: border-box; margin: 0px 0px 0.625rem; padding: 0px; border: 0px; font-style: inherit; font-variant: inherit; font-weight: inherit; font-stretch: inherit; line-height: 2.0625rem; font-family: inherit; font-size: 1.3125rem; vertical-align: baseline;\"><span style=\"box-sizing: border-box; margin: 0px; padding: 0px; border: 0px; font-style: inherit; font-variant: inherit; font-weight: 900; font-stretch: inherit; line-height: inherit; font-family: inherit; vertical-align: baseline;\">Replace a basic nightstand with a storage nightstand:</span>&nbsp;Put your bedside table to work with a&nbsp;<a style=\"box-sizing: border-box; margin: 0px; padding: 0px; border: 0px; font-style: inherit; font-variant: inherit; font-stretch: inherit; line-height: inherit; font-family: inherit; vertical-align: baseline; transition: color 0.25s ease 0s;\" href=\"https://www.amazon.com/dp/B082DS3473/?&amp;_encoding=UTF8&amp;tag=mymove0e-20&amp;linkCode=ur2&amp;linkId=00e8d438f256debb3ef7840a0761fb45&amp;camp=1789&amp;creative=9325\" target=\"_blank\" rel=\"noopener\">storage tower nightstand</a>. The&nbsp;<a style=\"box-sizing: border-box; margin: 0px; padding: 0px; border: 0px; font-style: inherit; font-variant: inherit; font-stretch: inherit; line-height: inherit; font-family: inherit; vertical-align: baseline; transition: color 0.25s ease 0s;\" href=\"https://www.pinterest.com/search/pins/?q=storage%20cart%20nightstand%20dorm&amp;rs=typed&amp;term_meta%5b%5d=storage%7Ctyped&amp;term_meta%5b%5d=cart%7Ctyped&amp;term_meta%5b%5d=nightstand%7Ctyped&amp;term_meta%5b%5d=dorm%7Ctyped\" target=\"_blank\" rel=\"noopener\">extra drawers</a>&nbsp;add much-needed space, while the solid top is a sturdy spot for your bedside lamp.</li>\r\n</ul>\r\n<ul style=\"box-sizing: border-box; margin: 0px 0px 1.875rem; padding: 0px 0px 0px 1.4375rem; border: 0px; font-style: inherit; font-variant: inherit; font-weight: inherit; font-stretch: inherit; line-height: inherit; font-family: inherit; vertical-align: baseline; list-style-position: initial; list-style-image: initial;\">\r\n<li style=\"box-sizing: border-box; margin: 0px 0px 0.625rem; padding: 0px; border: 0px; font-style: inherit; font-variant: inherit; font-weight: inherit; font-stretch: inherit; line-height: 2.0625rem; font-family: inherit; font-size: 1.3125rem; vertical-align: baseline;\"><span style=\"box-sizing: border-box; margin: 0px; padding: 0px; border: 0px; font-style: inherit; font-variant: inherit; font-weight: 900; font-stretch: inherit; line-height: inherit; font-family: inherit; vertical-align: baseline;\">Hang it up with collapsible hangers:</span>&nbsp;Dorm room organization includes your wardrobe or closet. Hang as many clothes as possible with space-saving&nbsp;<a style=\"box-sizing: border-box; margin: 0px; padding: 0px; border: 0px; font-style: inherit; font-variant: inherit; font-stretch: inherit; line-height: inherit; font-family: inherit; vertical-align: baseline; transition: color 0.25s ease 0s;\" href=\"https://www.amazon.com/HOUSE-DAY-Wardrobe-Clothing-Oragnizer/dp/B01N1LUHKX/?&amp;_encoding=UTF8&amp;tag=mymove0e-20&amp;linkCode=ur2&amp;linkId=d28d6a1f83d9d0b7e8b632e8765099cb&amp;camp=1789&amp;creative=9325\" target=\"_blank\" rel=\"noopener\">collapsible hangers</a>. Keep your&nbsp;<a style=\"box-sizing: border-box; margin: 0px; padding: 0px; border: 0px; font-style: inherit; font-variant: inherit; font-stretch: inherit; line-height: inherit; font-family: inherit; vertical-align: baseline; transition: color 0.25s ease 0s;\" href=\"https://www.pinterest.com/search/pins/?q=dorm%20collapsible%20hangers&amp;rs=typed&amp;term_meta%5b%5d=dorm%7Ctyped&amp;term_meta%5b%5d=collapsible%7Ctyped&amp;term_meta%5b%5d=hangers%7Ctyped\" target=\"_blank\" rel=\"noopener\">clothes</a>&nbsp;wrinkle-free and neat without taking up a ton of space.</li>\r\n</ul>\r\n<ul style=\"box-sizing: border-box; margin: 0px 0px 1.875rem; padding: 0px 0px 0px 1.4375rem; border: 0px; font-style: inherit; font-variant: inherit; font-weight: inherit; font-stretch: inherit; line-height: inherit; font-family: inherit; vertical-align: baseline; list-style-position: initial; list-style-image: initial;\">\r\n<li style=\"box-sizing: border-box; margin: 0px 0px 0.625rem; padding: 0px; border: 0px; font-style: inherit; font-variant: inherit; font-weight: inherit; font-stretch: inherit; line-height: 2.0625rem; font-family: inherit; font-size: 1.3125rem; vertical-align: baseline;\"><span style=\"box-sizing: border-box; margin: 0px; padding: 0px; border: 0px; font-style: inherit; font-variant: inherit; font-weight: 900; font-stretch: inherit; line-height: inherit; font-family: inherit; vertical-align: baseline;\">Rise (up) and shine with bed risers:</span>&nbsp;Under the bed storage is vital and&nbsp;<a style=\"box-sizing: border-box; margin: 0px; padding: 0px; border: 0px; font-style: inherit; font-variant: inherit; font-stretch: inherit; line-height: inherit; font-family: inherit; vertical-align: baseline; transition: color 0.25s ease 0s;\" href=\"https://www.amazon.com/Home-Intuition-Adjustable-Risers-Furniture/dp/B079Y7G1D4/?&amp;_encoding=UTF8&amp;tag=mymove0e-20&amp;linkCode=ur2&amp;linkId=f36a1bb53d1332ba839aee1e2b980740&amp;camp=1789&amp;creative=9325\" target=\"_blank\" rel=\"noopener\">bed risers</a>&nbsp;create instant extra space. Adjust your riser based on your needs, whether it&rsquo;s a few inches off the ground or maximum height for a&nbsp;<a style=\"box-sizing: border-box; margin: 0px; padding: 0px; border: 0px; font-style: inherit; font-variant: inherit; font-stretch: inherit; line-height: inherit; font-family: inherit; vertical-align: baseline; transition: color 0.25s ease 0s;\" href=\"https://www.pinterest.com/search/pins/?rs=ac&amp;len=2&amp;q=dorm%20bed%20risers&amp;eq=dorm%20bed%20r&amp;etslf=5874&amp;term_meta%5b%5d=dorm%7Cautocomplete%7C0&amp;term_meta%5b%5d=bed%7Cautocomplete%7C0&amp;term_meta%5b%5d=risers%7Cautocomplete%7C0\" target=\"_blank\" rel=\"noopener\">loft look</a>.</li>\r\n</ul>\r\n<ul style=\"box-sizing: border-box; margin: 0px 0px 1.875rem; padding: 0px 0px 0px 1.4375rem; border: 0px; font-style: inherit; font-variant: inherit; font-weight: inherit; font-stretch: inherit; line-height: inherit; font-family: inherit; vertical-align: baseline; list-style-position: initial; list-style-image: initial;\">\r\n<li style=\"box-sizing: border-box; margin: 0px 0px 0.625rem; padding: 0px; border: 0px; font-style: inherit; font-variant: inherit; font-weight: inherit; font-stretch: inherit; line-height: 2.0625rem; font-family: inherit; font-size: 1.3125rem; vertical-align: baseline;\"><span style=\"box-sizing: border-box; margin: 0px; padding: 0px; border: 0px; font-style: inherit; font-variant: inherit; font-weight: 900; font-stretch: inherit; line-height: inherit; font-family: inherit; vertical-align: baseline;\">Never forget your soap again:</span>&nbsp;Lugging toiletries to the shower doesn&rsquo;t need to be a hassle. Keep your shampoo, conditioner, razor, and other necessities stored in a&nbsp;<a style=\"box-sizing: border-box; margin: 0px; padding: 0px; border: 0px; font-style: inherit; font-variant: inherit; font-stretch: inherit; line-height: inherit; font-family: inherit; vertical-align: baseline; transition: color 0.25s ease 0s;\" href=\"https://www.amazon.com/Toiletry-Hanging-Handles-College-Essentials/dp/B086V5RBFL/\" target=\"_blank\" rel=\"noopener\">mesh shower caddy</a>. The&nbsp;<a style=\"box-sizing: border-box; margin: 0px; padding: 0px; border: 0px; font-style: inherit; font-variant: inherit; font-stretch: inherit; line-height: inherit; font-family: inherit; vertical-align: baseline; transition: color 0.25s ease 0s;\" href=\"https://www.pinterest.com/search/pins/?q=dorm%20shower%20caddy%20mesh&amp;rs=typed&amp;term_meta%5b%5d=dorm%7Ctyped&amp;term_meta%5b%5d=shower%7Ctyped&amp;term_meta%5b%5d=caddy%7Ctyped&amp;term_meta%5b%5d=mesh%7Ctyped\" target=\"_blank\" rel=\"noopener\">quick-drying mesh</a>&nbsp;leaves the water in the shower, not on your dorm floor.</li>\r\n</ul>\r\n<ul style=\"box-sizing: border-box; margin: 0px 0px 1.875rem; padding: 0px 0px 0px 1.4375rem; border: 0px; font-style: inherit; font-variant: inherit; font-weight: inherit; font-stretch: inherit; line-height: inherit; font-family: inherit; vertical-align: baseline; list-style-position: initial; list-style-image: initial;\">\r\n<li style=\"box-sizing: border-box; margin: 0px 0px 0.625rem; padding: 0px; border: 0px; font-style: inherit; font-variant: inherit; font-weight: inherit; font-stretch: inherit; line-height: 2.0625rem; font-family: inherit; font-size: 1.3125rem; vertical-align: baseline;\"><span style=\"box-sizing: border-box; margin: 0px; padding: 0px; border: 0px; font-style: inherit; font-variant: inherit; font-weight: 900; font-stretch: inherit; line-height: inherit; font-family: inherit; vertical-align: baseline;\">Create your own in-dorm food station:</span>&nbsp;Dorm room food and snacks are a necessity, especially if the dining hall is across campus. Keep your food items contained with a dedicated&nbsp;<a style=\"box-sizing: border-box; margin: 0px; padding: 0px; border: 0px; font-style: inherit; font-variant: inherit; font-stretch: inherit; line-height: inherit; font-family: inherit; vertical-align: baseline; transition: color 0.25s ease 0s;\" href=\"https://www.amazon.com/CAXXA-3-Tier-Rolling-Storage-Organizer/dp/B07JJMYQ8G/?&amp;_encoding=UTF8&amp;tag=mymove0e-20&amp;linkCode=ur2&amp;linkId=e2fbf568afcf3705f39c5c1ef12a67bd&amp;camp=1789&amp;creative=9325\" target=\"_blank\" rel=\"noopener\">food station</a>. The wheels make it easy to&nbsp;<a style=\"box-sizing: border-box; margin: 0px; padding: 0px; border: 0px; font-style: inherit; font-variant: inherit; font-stretch: inherit; line-height: inherit; font-family: inherit; vertical-align: baseline; transition: color 0.25s ease 0s;\" href=\"https://www.pinterest.com/search/pins/?q=dorm%20rolling%20cart%20food%20station&amp;rs=typed&amp;term_meta%5b%5d=dorm%7Ctyped&amp;term_meta%5b%5d=rolling%7Ctyped&amp;term_meta%5b%5d=cart%7Ctyped&amp;term_meta%5b%5d=food%7Ctyped&amp;term_meta%5b%5d=station%7Ctyped\" target=\"_blank\" rel=\"noopener\">move it out of the way</a>&nbsp;when friends come over to hang.</li>\r\n</ul>\r\n<ul style=\"box-sizing: border-box; margin: 0px 0px 1.875rem; padding: 0px 0px 0px 1.4375rem; border: 0px; font-style: inherit; font-variant: inherit; font-weight: inherit; font-stretch: inherit; line-height: inherit; font-family: inherit; vertical-align: baseline; list-style-position: initial; list-style-image: initial;\">\r\n<li style=\"box-sizing: border-box; margin: 0px 0px 0.625rem; padding: 0px; border: 0px; font-style: inherit; font-variant: inherit; font-weight: inherit; font-stretch: inherit; line-height: 2.0625rem; font-family: inherit; font-size: 1.3125rem; vertical-align: baseline;\"><span style=\"box-sizing: border-box; margin: 0px; padding: 0px; border: 0px; font-style: inherit; font-variant: inherit; font-weight: 900; font-stretch: inherit; line-height: inherit; font-family: inherit; vertical-align: baseline;\">Over the door storage:</span>&nbsp;An&nbsp;<a style=\"box-sizing: border-box; margin: 0px; padding: 0px; border: 0px; font-style: inherit; font-variant: inherit; font-stretch: inherit; line-height: inherit; font-family: inherit; vertical-align: baseline; transition: color 0.25s ease 0s;\" href=\"https://www.amazon.com/Simple-Houseware-Pockets-Hanging-Organizer/dp/B07CG2R9ST/?&amp;_encoding=UTF8&amp;tag=mymove0e-20&amp;linkCode=ur2&amp;linkId=2280d85da4193fc5d97202efce76c92c&amp;camp=1789&amp;creative=9325\" target=\"_blank\" rel=\"noopener\">over the door shoe organizer</a>&nbsp;is a perfect way to keep your kicks in order, but it&rsquo;s also a fantastic option for storing accessories, makeup, and first aid supplies. The&nbsp;<a style=\"box-sizing: border-box; margin: 0px; padding: 0px; border: 0px; font-style: inherit; font-variant: inherit; font-stretch: inherit; line-height: inherit; font-family: inherit; vertical-align: baseline; transition: color 0.25s ease 0s;\" href=\"https://www.pinterest.com/search/pins/?q=dorm%20over%20the%20door%20organizer&amp;rs=typed&amp;term_meta%5b%5d=dorm%20over%20the%20door%20organizer%7Ctyped\" target=\"_blank\" rel=\"noopener\">storage options</a>&nbsp;are unlimited, so get creative.</li>\r\n</ul>\r\n<ul style=\"box-sizing: border-box; margin: 0px 0px 1.875rem; padding: 0px 0px 0px 1.4375rem; border: 0px; font-style: inherit; font-variant: inherit; font-weight: inherit; font-stretch: inherit; line-height: inherit; font-family: inherit; vertical-align: baseline; list-style-position: initial; list-style-image: initial;\">\r\n<li style=\"box-sizing: border-box; margin: 0px 0px 0.625rem; padding: 0px; border: 0px; font-style: inherit; font-variant: inherit; font-weight: inherit; font-stretch: inherit; line-height: 2.0625rem; font-family: inherit; font-size: 1.3125rem; vertical-align: baseline;\"><span style=\"box-sizing: border-box; margin: 0px; padding: 0px; border: 0px; font-style: inherit; font-variant: inherit; font-weight: 900; font-stretch: inherit; line-height: inherit; font-family: inherit; vertical-align: baseline;\">Hang it ALL with Command hooks:</span>&nbsp;Command hooks are the ultimate in dorm room organization. Grab a&nbsp;<a style=\"box-sizing: border-box; margin: 0px; padding: 0px; border: 0px; font-style: inherit; font-variant: inherit; font-stretch: inherit; line-height: inherit; font-family: inherit; vertical-align: baseline; transition: color 0.25s ease 0s;\" href=\"https://www.amazon.com/Command-General-Purpose-Variety-17231-ES/dp/B07712H557/?&amp;_encoding=UTF8&amp;tag=mymove0e-20&amp;linkCode=ur2&amp;linkId=20641691c3ae2830b24956b5539aa504&amp;camp=1789&amp;creative=9325\" target=\"_blank\" rel=\"noopener\">Command hook variety pack</a>&nbsp;to hang your items without damaging the walls. From sunglasses and purses to plants and fairy lights, be sure these&nbsp;<a style=\"box-sizing: border-box; margin: 0px; padding: 0px; border: 0px; font-style: inherit; font-variant: inherit; font-stretch: inherit; line-height: inherit; font-family: inherit; vertical-align: baseline; transition: color 0.25s ease 0s;\" href=\"https://www.pinterest.com/search/pins/?q=dorm%20room%20command%20hook&amp;rs=typed&amp;term_meta%5b%5d=dorm%7Ctyped&amp;term_meta%5b%5d=room%7Ctyped&amp;term_meta%5b%5d=command%7Ctyped&amp;term_meta%5b%5d=hook%7Ctyped\" target=\"_blank\" rel=\"noopener\">hooks</a>&nbsp;are on your packing list.</li>\r\n</ul>\r\n<ul style=\"box-sizing: border-box; margin: 0px 0px 1.875rem; padding: 0px 0px 0px 1.4375rem; border: 0px; font-style: inherit; font-variant: inherit; font-weight: inherit; font-stretch: inherit; line-height: inherit; font-family: inherit; vertical-align: baseline; list-style-position: initial; list-style-image: initial;\">\r\n<li style=\"box-sizing: border-box; margin: 0px 0px 0.625rem; padding: 0px; border: 0px; font-style: inherit; font-variant: inherit; font-weight: inherit; font-stretch: inherit; line-height: 2.0625rem; font-family: inherit; font-size: 1.3125rem; vertical-align: baseline;\"><span style=\"box-sizing: border-box; margin: 0px; padding: 0px; border: 0px; font-style: inherit; font-variant: inherit; font-weight: 900; font-stretch: inherit; line-height: inherit; font-family: inherit; vertical-align: baseline;\">See the light and stay charged up with a lamp/charger station duo:</span>&nbsp;Light up the night with a&nbsp;<a style=\"box-sizing: border-box; margin: 0px; padding: 0px; border: 0px; font-style: inherit; font-variant: inherit; font-stretch: inherit; line-height: inherit; font-family: inherit; vertical-align: baseline; transition: color 0.25s ease 0s;\" href=\"https://www.amazon.com/Charging-Lighting-Brightness-Protection-Foldable/dp/B07JF85QHZ/?&amp;_encoding=UTF8&amp;tag=mymove0e-20&amp;linkCode=ur2&amp;linkId=59dc11df9b111f56af6e9669c25e44ff&amp;camp=1789&amp;creative=9325\" target=\"_blank\" rel=\"noopener\">high-tech LED lamp</a>&nbsp;that includes USB ports and power sockets. Conveniently&nbsp;<a style=\"box-sizing: border-box; margin: 0px; padding: 0px; border: 0px; font-style: inherit; font-variant: inherit; font-stretch: inherit; line-height: inherit; font-family: inherit; vertical-align: baseline; transition: color 0.25s ease 0s;\" href=\"https://www.pinterest.com/search/pins/?q=charging%20station%20desk%20lamp&amp;rs=typed&amp;term_meta%5b%5d=charging%7Ctyped&amp;term_meta%5b%5d=station%7Ctyped&amp;term_meta%5b%5d=desk%7Ctyped&amp;term_meta%5b%5d=lamp%7Ctyped\" target=\"_blank\" rel=\"noopener\">plug in your laptop and charge your phone</a>&nbsp;without struggling to find the wall outlet.</li>\r\n</ul>\r\n<ul style=\"box-sizing: border-box; margin: 0px 0px 1.875rem; padding: 0px 0px 0px 1.4375rem; border: 0px; font-style: inherit; font-variant: inherit; font-weight: inherit; font-stretch: inherit; line-height: inherit; font-family: inherit; vertical-align: baseline; list-style-position: initial; list-style-image: initial;\">\r\n<li style=\"box-sizing: border-box; margin: 0px 0px 0.625rem; padding: 0px; border: 0px; font-style: inherit; font-variant: inherit; font-weight: inherit; font-stretch: inherit; line-height: 2.0625rem; font-family: inherit; font-size: 1.3125rem; vertical-align: baseline;\"><span style=\"box-sizing: border-box; margin: 0px; padding: 0px; border: 0px; font-style: inherit; font-variant: inherit; font-weight: 900; font-stretch: inherit; line-height: inherit; font-family: inherit; vertical-align: baseline;\">Avoid the junk drawer with a desk organizer:</span>&nbsp;Supplies can easily get lost in the shuffle. A&nbsp;<a style=\"box-sizing: border-box; margin: 0px; padding: 0px; border: 0px; font-style: inherit; font-variant: inherit; font-stretch: inherit; line-height: inherit; font-family: inherit; vertical-align: baseline; transition: color 0.25s ease 0s;\" href=\"https://www.amazon.com/SimpleHouseware-Organizer-Sliding-Stacking-Sections/dp/B06ZZY3YBV/?&amp;_encoding=UTF8&amp;tag=mymove0e-20&amp;linkCode=ur2&amp;linkId=57a018acc359610a6b7e7f1afa9c44f2&amp;camp=1789&amp;creative=9325\" target=\"_blank\" rel=\"noopener\">desktop organizer</a>&nbsp;will keep your homework gear all in one place. Keep it stocked with&nbsp;<a style=\"box-sizing: border-box; margin: 0px; padding: 0px; border: 0px; font-style: inherit; font-variant: inherit; font-stretch: inherit; line-height: inherit; font-family: inherit; vertical-align: baseline; transition: color 0.25s ease 0s;\" href=\"https://www.pinterest.com/search/pins/?q=dorm%20desktop%20organizer&amp;rs=typed&amp;term_meta%5b%5d=dorm%7Ctyped&amp;term_meta%5b%5d=desktop%7Ctyped&amp;term_meta%5b%5d=organizer%7Ctyped\" target=\"_blank\" rel=\"noopener\">whatever you need</a>&nbsp;to power through your papers.</li>\r\n</ul>\r\n<ul style=\"box-sizing: border-box; margin: 0px 0px 1.875rem; padding: 0px 0px 0px 1.4375rem; border: 0px; font-style: inherit; font-variant: inherit; font-weight: inherit; font-stretch: inherit; line-height: inherit; font-family: inherit; vertical-align: baseline; list-style-position: initial; list-style-image: initial;\">\r\n<li style=\"box-sizing: border-box; margin: 0px 0px 0.625rem; padding: 0px; border: 0px; font-style: inherit; font-variant: inherit; font-weight: inherit; font-stretch: inherit; line-height: 2.0625rem; font-family: inherit; font-size: 1.3125rem; vertical-align: baseline;\"><span style=\"box-sizing: border-box; margin: 0px; padding: 0px; border: 0px; font-style: inherit; font-variant: inherit; font-weight: 900; font-stretch: inherit; line-height: inherit; font-family: inherit; vertical-align: baseline;\">Stay dry with a collapsible laundry rack:</span>&nbsp;You&rsquo;ve taken a shower and now have a damp towel to contend with. Keep a&nbsp;<a style=\"box-sizing: border-box; margin: 0px; padding: 0px; border: 0px; font-style: inherit; font-variant: inherit; font-stretch: inherit; line-height: inherit; font-family: inherit; vertical-align: baseline; transition: color 0.25s ease 0s;\" href=\"https://www.amazon.com/AmazonBasics-Foldable-Drying-Rack-White/dp/B00H7P1GPO/?&amp;_encoding=UTF8&amp;tag=mymove0e-20&amp;linkCode=ur2&amp;linkId=49e5d0854d3ef03cdf41795cc72e8ea1&amp;camp=1789&amp;creative=9325\" target=\"_blank\" rel=\"noopener\">collapsible laundry rack</a>&nbsp;to&nbsp;<a style=\"box-sizing: border-box; margin: 0px; padding: 0px; border: 0px; font-style: inherit; font-variant: inherit; font-stretch: inherit; line-height: inherit; font-family: inherit; vertical-align: baseline; transition: color 0.25s ease 0s;\" href=\"https://www.pinterest.com/search/pins/?q=dorm%20collapsible%20laundry%20rack&amp;rs=typed&amp;term_meta%5b%5d=dorm%7Ctyped&amp;term_meta%5b%5d=collapsible%7Ctyped&amp;term_meta%5b%5d=laundry%7Ctyped&amp;term_meta%5b%5d=rack%7Ctyped\" target=\"_blank\" rel=\"noopener\">dry your wet towels</a>&nbsp;or jacket that got soaked in the rainy walk from class.</li>\r\n</ul>\r\n<ul style=\"box-sizing: border-box; margin: 0px 0px 1.875rem; padding: 0px 0px 0px 1.4375rem; border: 0px; font-style: inherit; font-variant: inherit; font-weight: inherit; font-stretch: inherit; line-height: inherit; font-family: inherit; vertical-align: baseline; list-style-position: initial; list-style-image: initial;\">\r\n<li style=\"box-sizing: border-box; margin: 0px 0px 0.625rem; padding: 0px; border: 0px; font-style: inherit; font-variant: inherit; font-weight: inherit; font-stretch: inherit; line-height: 2.0625rem; font-family: inherit; font-size: 1.3125rem; vertical-align: baseline;\"><span style=\"box-sizing: border-box; margin: 0px; padding: 0px; border: 0px; font-style: inherit; font-variant: inherit; font-weight: 900; font-stretch: inherit; line-height: inherit; font-family: inherit; vertical-align: baseline;\">Keep outdoor accessories accessible:</span>&nbsp;Keep your&nbsp;<a style=\"box-sizing: border-box; margin: 0px; padding: 0px; border: 0px; font-style: inherit; font-variant: inherit; font-stretch: inherit; line-height: inherit; font-family: inherit; vertical-align: baseline; transition: color 0.25s ease 0s;\" href=\"https://www.amazon.com/Hidecor-Hanger-Organizer-Stainless-Storage/dp/B07FVLSJ8Z/?&amp;_encoding=UTF8&amp;tag=mymove0e-20&amp;linkCode=ur2&amp;linkId=5c86c974c87deab99e8cca1f778bdccf&amp;camp=1789&amp;creative=9325\" target=\"_blank\" rel=\"noopener\">scarves, belts, and baseball hats</a>&nbsp;from taking up too much space with a streamlined closet storage hook. Get creative with your&nbsp;<a style=\"box-sizing: border-box; margin: 0px; padding: 0px; border: 0px; font-style: inherit; font-variant: inherit; font-stretch: inherit; line-height: inherit; font-family: inherit; vertical-align: baseline; transition: color 0.25s ease 0s;\" href=\"https://www.pinterest.com/search/pins/?q=dorm%20scarf%20hanger&amp;rs=typed&amp;term_meta%5b%5d=dorm%7Ctyped&amp;term_meta%5b%5d=scarf%7Ctyped&amp;term_meta%5b%5d=hanger%7Ctyped\" target=\"_blank\" rel=\"noopener\">dorm room organization</a>&nbsp;<em style=\"box-sizing: border-box; margin: 0px; padding: 0px; border: 0px; font-variant: inherit; font-weight: inherit; font-stretch: inherit; line-height: inherit; font-family: inherit; vertical-align: baseline;\">and&nbsp;</em>maximize efficiency by keeping your accessories near your door or closet.</li>\r\n</ul>\r\n<ul style=\"box-sizing: border-box; margin: 0px 0px 1.875rem; padding: 0px 0px 0px 1.4375rem; border: 0px; font-style: inherit; font-variant: inherit; font-weight: inherit; font-stretch: inherit; line-height: inherit; font-family: inherit; vertical-align: baseline; list-style-position: initial; list-style-image: initial;\">\r\n<li style=\"box-sizing: border-box; margin: 0px 0px 0.625rem; padding: 0px; border: 0px; font-style: inherit; font-variant: inherit; font-weight: inherit; font-stretch: inherit; line-height: 2.0625rem; font-family: inherit; font-size: 1.3125rem; vertical-align: baseline;\"><span style=\"box-sizing: border-box; margin: 0px; padding: 0px; border: 0px; font-style: inherit; font-variant: inherit; font-weight: 900; font-stretch: inherit; line-height: inherit; font-family: inherit; vertical-align: baseline;\">Tame clothing chaos with drawer organizers:</span>&nbsp;If your drawers are in a sad state,&nbsp;<a style=\"box-sizing: border-box; margin: 0px; padding: 0px; border: 0px; font-style: inherit; font-variant: inherit; font-stretch: inherit; line-height: inherit; font-family: inherit; vertical-align: baseline; transition: color 0.25s ease 0s;\" href=\"https://www.amazon.com/Simple-Houseware-Underwear-Organizer-Divider/dp/B01DYXHI0E/?&amp;_encoding=UTF8&amp;tag=mymove0e-20&amp;linkCode=ur2&amp;linkId=d184b437aa03d2b76b35c8e00949b070&amp;camp=1789&amp;creative=9325\" target=\"_blank\" rel=\"noopener\">clothing drawer organizers</a>&nbsp;will get you back on track. Easily pop them&nbsp;<a style=\"box-sizing: border-box; margin: 0px; padding: 0px; border: 0px; font-style: inherit; font-variant: inherit; font-stretch: inherit; line-height: inherit; font-family: inherit; vertical-align: baseline; transition: color 0.25s ease 0s;\" href=\"https://www.pinterest.com/search/pins/?q=dorm%20clothing%20drawer%20organizers&amp;rs=typed&amp;term_meta%5b%5d=dorm%7Ctyped&amp;term_meta%5b%5d=clothing%7Ctyped&amp;term_meta%5b%5d=drawer%7Ctyped&amp;term_meta%5b%5d=organizers%7Ctyped\" target=\"_blank\" rel=\"noopener\">in your drawers</a>&nbsp;to keep everything under control.</li>\r\n</ul>\r\n<ul style=\"box-sizing: border-box; margin: 0px 0px 1.875rem; padding: 0px 0px 0px 1.4375rem; border: 0px; font-style: inherit; font-variant: inherit; font-weight: inherit; font-stretch: inherit; line-height: inherit; font-family: inherit; vertical-align: baseline; list-style-position: initial; list-style-image: initial;\">\r\n<li style=\"box-sizing: border-box; margin: 0px 0px 0.625rem; padding: 0px; border: 0px; font-style: inherit; font-variant: inherit; font-weight: inherit; font-stretch: inherit; line-height: 2.0625rem; font-family: inherit; font-size: 1.3125rem; vertical-align: baseline;\"><span style=\"box-sizing: border-box; margin: 0px; padding: 0px; border: 0px; font-style: inherit; font-variant: inherit; font-weight: 900; font-stretch: inherit; line-height: inherit; font-family: inherit; vertical-align: baseline;\">Access under your bed with ease:</span>&nbsp;Every inch of space counts, so don&rsquo;t forget beneath your dorm bed. Keep items easily accessible with&nbsp;<a style=\"box-sizing: border-box; margin: 0px; padding: 0px; border: 0px; font-style: inherit; font-variant: inherit; font-stretch: inherit; line-height: inherit; font-family: inherit; vertical-align: baseline; transition: color 0.25s ease 0s;\" href=\"https://www.amazon.com/Plastic-Underbed-Storage-Stackable-Latching/dp/B06ZZY2M92/?&amp;_encoding=UTF8&amp;tag=mymove0e-20&amp;linkCode=ur2&amp;linkId=201377f41419f080dd2273a6ec47859e&amp;camp=1789&amp;creative=9325\" target=\"_blank\" rel=\"noopener\">rolling storage with lids</a>. Store items you don&rsquo;t want to keep out in the open or don&rsquo;t need on a daily basis. The lids keep the dust away, while&nbsp;<a style=\"box-sizing: border-box; margin: 0px; padding: 0px; border: 0px; font-style: inherit; font-variant: inherit; font-stretch: inherit; line-height: inherit; font-family: inherit; vertical-align: baseline; transition: color 0.25s ease 0s;\" href=\"https://www.pinterest.com/search/pins/?q=under%20the%20bed%20wheeled%20storage%20containers&amp;rs=typed&amp;term_meta%5b%5d=under%20the%20bed%20wheeled%20storage%20containers%7Ctyped\" target=\"_blank\" rel=\"noopener\">your contents</a>&nbsp;are protected.</li>\r\n</ul>\r\n<ul style=\"box-sizing: border-box; margin: 0px 0px 1.875rem; padding: 0px 0px 0px 1.4375rem; border: 0px; font-style: inherit; font-variant: inherit; font-weight: inherit; font-stretch: inherit; line-height: inherit; font-family: inherit; vertical-align: baseline; list-style-position: initial; list-style-image: initial;\">\r\n<li style=\"box-sizing: border-box; margin: 0px 0px 0.625rem; padding: 0px; border: 0px; font-style: inherit; font-variant: inherit; font-weight: inherit; font-stretch: inherit; line-height: 2.0625rem; font-family: inherit; font-size: 1.3125rem; vertical-align: baseline;\"><span style=\"box-sizing: border-box; margin: 0px; padding: 0px; border: 0px; font-style: inherit; font-variant: inherit; font-weight: 900; font-stretch: inherit; line-height: inherit; font-family: inherit; vertical-align: baseline;\">Expand your closet with an adjustable closet rod:</span>&nbsp;Double a limited closet space by&nbsp;<a style=\"box-sizing: border-box; margin: 0px; padding: 0px; border: 0px; font-style: inherit; font-variant: inherit; font-stretch: inherit; line-height: inherit; font-family: inherit; vertical-align: baseline; transition: color 0.25s ease 0s;\" href=\"https://www.amazon.com/SimpleHouseware-Adjustable-Closet-Hanging-Chrome/dp/B01K07MY1K/?&amp;_encoding=UTF8&amp;tag=mymove0e-20&amp;linkCode=ur2&amp;linkId=108720be363bb3434a758e37c924e0c5&amp;camp=1789&amp;creative=9325\" target=\"_blank\" rel=\"noopener\">adding another rod</a>&nbsp;to create top and bottom hanging stations.&nbsp;<a style=\"box-sizing: border-box; margin: 0px; padding: 0px; border: 0px; font-style: inherit; font-variant: inherit; font-stretch: inherit; line-height: inherit; font-family: inherit; vertical-align: baseline; transition: color 0.25s ease 0s;\" href=\"https://www.pinterest.com/search/pins/?q=double%20hanging%20closet%20rod%20for%20dorm&amp;rs=typed&amp;term_meta%5b%5d=double%20hanging%20closet%20rod%20for%20dorm%7Ctyped\" target=\"_blank\" rel=\"noopener\">Closet &ldquo;doublers&rdquo;</a>&nbsp;are a great way to avoid overcramming your dorm room drawers.</li>\r\n</ul>\r\n<ul style=\"box-sizing: border-box; margin: 0px 0px 1.875rem; padding: 0px 0px 0px 1.4375rem; border: 0px; font-style: inherit; font-variant: inherit; font-weight: inherit; font-stretch: inherit; line-height: inherit; font-family: inherit; vertical-align: baseline; list-style-position: initial; list-style-image: initial;\">\r\n<li style=\"box-sizing: border-box; margin: 0px 0px 0.625rem; padding: 0px; border: 0px; font-style: inherit; font-variant: inherit; font-weight: inherit; font-stretch: inherit; line-height: 2.0625rem; font-family: inherit; font-size: 1.3125rem; vertical-align: baseline;\"><span style=\"box-sizing: border-box; margin: 0px; padding: 0px; border: 0px; font-style: inherit; font-variant: inherit; font-weight: 900; font-stretch: inherit; line-height: inherit; font-family: inherit; vertical-align: baseline;\">Stick on wall caddies for easy access:</span>&nbsp;<a style=\"box-sizing: border-box; margin: 0px; padding: 0px; border: 0px; font-style: inherit; font-variant: inherit; font-stretch: inherit; line-height: inherit; font-family: inherit; vertical-align: baseline; transition: color 0.25s ease 0s;\" href=\"https://www.amazon.com/OKOMATCH-Bedside-Shelf-Organizer-Material/dp/B07WJSJSRW/?&amp;_encoding=UTF8&amp;tag=mymove0e-20&amp;linkCode=ur2&amp;linkId=d0d864b99946250457ddb949b1f1daf8&amp;camp=1789&amp;creative=9325\" target=\"_blank\" rel=\"noopener\">Stick-on storage caddies</a>&nbsp;are perfect at your bedside or right inside your dorm door. Stow sunglasses, lanyards, keys, or headphones&nbsp;<a style=\"box-sizing: border-box; margin: 0px; padding: 0px; border: 0px; font-style: inherit; font-variant: inherit; font-stretch: inherit; line-height: inherit; font-family: inherit; vertical-align: baseline; transition: color 0.25s ease 0s;\" href=\"https://www.pinterest.com/search/pins/?q=wall%20mounted%20no%20stick%20damage&amp;rs=typed&amp;term_meta%5b%5d=wall%7Ctyped&amp;term_meta%5b%5d=mounted%7Ctyped&amp;term_meta%5b%5d=no%7Ctyped&amp;term_meta%5b%5d=stick%7Ctyped&amp;term_meta%5b%5d=damage%7Ctyped\" target=\"_blank\" rel=\"noopener\">with ease</a>.</li>\r\n</ul>\r\n<ul style=\"box-sizing: border-box; margin: 0px 0px 1.875rem; padding: 0px 0px 0px 1.4375rem; border: 0px; font-style: inherit; font-variant: inherit; font-weight: inherit; font-stretch: inherit; line-height: inherit; font-family: inherit; vertical-align: baseline; list-style-position: initial; list-style-image: initial;\">\r\n<li style=\"box-sizing: border-box; margin: 0px 0px 0.625rem; padding: 0px; border: 0px; font-style: inherit; font-variant: inherit; font-weight: inherit; font-stretch: inherit; line-height: 2.0625rem; font-family: inherit; font-size: 1.3125rem; vertical-align: baseline;\"><span style=\"box-sizing: border-box; margin: 0px; padding: 0px; border: 0px; font-style: inherit; font-variant: inherit; font-weight: 900; font-stretch: inherit; line-height: inherit; font-family: inherit; vertical-align: baseline;\">Stay fresh with a style station organizer:</span>&nbsp;Makeup can accumulate quickly (there are never too many lip glosses). Keep skincare and makeup at your fingertips with a&nbsp;<a style=\"box-sizing: border-box; margin: 0px; padding: 0px; border: 0px; font-style: inherit; font-variant: inherit; font-stretch: inherit; line-height: inherit; font-family: inherit; vertical-align: baseline; transition: color 0.25s ease 0s;\" href=\"https://www.amazon.com/DreamGenius-Organizer-360-Degree-Adjustable-Multi-Function/dp/B074QGYDT4/?&amp;_encoding=UTF8&amp;tag=mymove0e-20&amp;linkCode=ur2&amp;linkId=fd457f9b9c2c43aeda661a56060dfde5&amp;camp=1789&amp;creative=9325\" target=\"_blank\" rel=\"noopener\">rotating cosmetic storage organizer</a>. Add&nbsp;<a style=\"box-sizing: border-box; margin: 0px; padding: 0px; border: 0px; font-style: inherit; font-variant: inherit; font-stretch: inherit; line-height: inherit; font-family: inherit; vertical-align: baseline; transition: color 0.25s ease 0s;\" href=\"https://www.pinterest.com/search/pins/?q=cosmetic%20storage%20dorm%20ideas&amp;rs=typed&amp;term_meta%5b%5d=cosmetic%7Ctyped&amp;term_meta%5b%5d=storage%7Ctyped&amp;term_meta%5b%5d=dorm%7Ctyped&amp;term_meta%5b%5d=ideas%7Ctyped\" target=\"_blank\" rel=\"noopener\">whatever you need</a>&nbsp;to keep you looking your Friday night best.</li>\r\n</ul>\r\n<ul style=\"box-sizing: border-box; margin: 0px 0px 1.875rem; padding: 0px 0px 0px 1.4375rem; border: 0px; font-style: inherit; font-variant: inherit; font-weight: inherit; font-stretch: inherit; line-height: inherit; font-family: inherit; vertical-align: baseline; list-style-position: initial; list-style-image: initial;\">\r\n<li style=\"box-sizing: border-box; margin: 0px 0px 0.625rem; padding: 0px; border: 0px; font-style: inherit; font-variant: inherit; font-weight: inherit; font-stretch: inherit; line-height: 2.0625rem; font-family: inherit; font-size: 1.3125rem; vertical-align: baseline;\"><span style=\"box-sizing: border-box; margin: 0px; padding: 0px; border: 0px; font-style: inherit; font-variant: inherit; font-weight: 900; font-stretch: inherit; line-height: inherit; font-family: inherit; vertical-align: baseline;\">Level up with an over the desk hutch:</span>&nbsp;Your school desk may not have shelving, so keep your dorm room organization on point with an&nbsp;<a style=\"box-sizing: border-box; margin: 0px; padding: 0px; border: 0px; font-style: inherit; font-variant: inherit; font-stretch: inherit; line-height: inherit; font-family: inherit; vertical-align: baseline; transition: color 0.25s ease 0s;\" href=\"https://www.amazon.com/DormCo-College-Cube-Bookshelf-Beech/dp/B00J5JTAMG/?&amp;_encoding=UTF8&amp;tag=mymove0e-20&amp;linkCode=ur2&amp;linkId=607d04cbc40a7505cddbea49bf626919&amp;camp=1789&amp;creative=9325\" target=\"_blank\" rel=\"noopener\">over the desk hutch</a>. Keep textbooks, binders, and other study essentials&nbsp;<a style=\"box-sizing: border-box; margin: 0px; padding: 0px; border: 0px; font-style: inherit; font-variant: inherit; font-stretch: inherit; line-height: inherit; font-family: inherit; vertical-align: baseline; transition: color 0.25s ease 0s;\" href=\"https://www.pinterest.com/search/pins/?q=dorm%20over%20the%20desk%20hutch&amp;rs=typed&amp;term_meta%5b%5d=dorm%20over%20the%20desk%20hutch%7Ctyped\" target=\"_blank\" rel=\"noopener\">out of the way</a>.</li>\r\n</ul>\r\n<ul style=\"box-sizing: border-box; margin: 0px 0px 1.875rem; padding: 0px 0px 0px 1.4375rem; border: 0px; font-style: inherit; font-variant: inherit; font-weight: inherit; font-stretch: inherit; line-height: inherit; font-family: inherit; vertical-align: baseline; list-style-position: initial; list-style-image: initial;\">\r\n<li style=\"box-sizing: border-box; margin: 0px 0px 0.625rem; padding: 0px; border: 0px; font-style: inherit; font-variant: inherit; font-weight: inherit; font-stretch: inherit; line-height: 2.0625rem; font-family: inherit; font-size: 1.3125rem; vertical-align: baseline;\"><span style=\"box-sizing: border-box; margin: 0px; padding: 0px; border: 0px; font-style: inherit; font-variant: inherit; font-weight: 900; font-stretch: inherit; line-height: inherit; font-family: inherit; vertical-align: baseline;\">Get the message with a memo station:</span>&nbsp;A&nbsp;<a style=\"box-sizing: border-box; margin: 0px; padding: 0px; border: 0px; font-style: inherit; font-variant: inherit; font-stretch: inherit; line-height: inherit; font-family: inherit; vertical-align: baseline; transition: color 0.25s ease 0s;\" href=\"https://www.amazon.com/dp/B07V87ZT5J/?&amp;_encoding=UTF8&amp;tag=mymove0e-20&amp;linkCode=ur2&amp;linkId=ec363ad8675f25c84205fd74c115845a&amp;camp=1789&amp;creative=9325\" target=\"_blank\" rel=\"noopener\">dry erase and cork board combo</a>&nbsp;is a great way to stay connected with your dorm mate without all the post-it notes. Use the corkboard to keep coupons or event flyers, or add hooks to hold keys and IDs. Get creative and customize your&nbsp;<a style=\"box-sizing: border-box; margin: 0px; padding: 0px; border: 0px; font-style: inherit; font-variant: inherit; font-stretch: inherit; line-height: inherit; font-family: inherit; vertical-align: baseline; transition: color 0.25s ease 0s;\" href=\"https://www.pinterest.com/search/pins/?rs=ac&amp;len=2&amp;q=dorm%20dry%20erase%20board%20ideas&amp;eq=dorm%20dry%20erase&amp;etslf=5970&amp;term_meta%5b%5d=dorm%7Cautocomplete%7C1&amp;term_meta%5b%5d=dry%7Cautocomplete%7C1&amp;term_meta%5b%5d=erase%7Cautocomplete%7C1&amp;term_meta%5b%5d=board%7Cautocomplete%7C1&amp;term_meta%5b%5d=ideas%7Cautocomplete%7C1\" target=\"_blank\" rel=\"noopener\">memo station</a>.</li>\r\n</ul>\r\n<ul style=\"box-sizing: border-box; margin: 0px 0px 1.875rem; padding: 0px 0px 0px 1.4375rem; border: 0px; font-style: inherit; font-variant: inherit; font-weight: inherit; font-stretch: inherit; line-height: inherit; font-family: inherit; vertical-align: baseline; list-style-position: initial; list-style-image: initial;\">\r\n<li style=\"box-sizing: border-box; margin: 0px 0px 0.625rem; padding: 0px; border: 0px; font-style: inherit; font-variant: inherit; font-weight: inherit; font-stretch: inherit; line-height: 2.0625rem; font-family: inherit; font-size: 1.3125rem; vertical-align: baseline;\"><span style=\"box-sizing: border-box; margin: 0px; padding: 0px; border: 0px; font-style: inherit; font-variant: inherit; font-weight: 900; font-stretch: inherit; line-height: inherit; font-family: inherit; vertical-align: baseline;\">Make taking out the trash easy:</span>&nbsp;Keep your&nbsp;<a style=\"box-sizing: border-box; margin: 0px; padding: 0px; border: 0px; font-style: inherit; font-variant: inherit; font-stretch: inherit; line-height: inherit; font-family: inherit; vertical-align: baseline; transition: color 0.25s ease 0s;\" href=\"https://www.amazon.com/simplehuman-Stainless-Bathroom-Profile-Brushed/dp/B0015YJ9WA/?&amp;_encoding=UTF8&amp;tag=mymove0e-20&amp;linkCode=ur2&amp;linkId=312500586436c5fdcfd12f9face38fce&amp;camp=1789&amp;creative=9325\" target=\"_blank\" rel=\"noopener\">dorm room trash can</a>&nbsp;from getting funky with a lidded trash can. Look for one that has an inner bucket. This will make&nbsp;<a style=\"box-sizing: border-box; margin: 0px; padding: 0px; border: 0px; font-style: inherit; font-variant: inherit; font-stretch: inherit; line-height: inherit; font-family: inherit; vertical-align: baseline; transition: color 0.25s ease 0s;\" href=\"https://www.pinterest.com/search/pins/?q=dorm%20room%20trash%20can&amp;rs=typed&amp;term_meta%5b%5d=dorm%7Ctyped&amp;term_meta%5b%5d=room%7Ctyped&amp;term_meta%5b%5d=trash%7Ctyped&amp;term_meta%5b%5d=can%7Ctyped\" target=\"_blank\" rel=\"noopener\">emptying the trash</a>&nbsp;easy.</li>\r\n</ul>\r\n<h2 style=\"box-sizing: border-box; margin: 0px 0px 1.875rem; padding: 0px; border: 0px; font-style: inherit; font-variant: inherit; font-stretch: inherit; line-height: 2rem; font-family: \'RV Montserrat\', helvetica, sans-serif; font-size: 1.875rem; vertical-align: baseline; color: #424242;\">The bottom line</h2>\r\n<p style=\"box-sizing: border-box; margin: 0px 0px 1.875rem; padding: 0px; border: 0px; font-style: inherit; font-variant: inherit; font-stretch: inherit; line-height: 2.0625rem; font-size: 1.3125rem; vertical-align: baseline;\">Keeping your dorm organized will be a breeze when you use these dorm room storage and organization tips. Remember to look for items that are multi-purpose. And as tempting as it may be, don&rsquo;t overpack.</p>\r\n<h2 style=\"box-sizing: border-box; margin: 0px 0px 1.875rem; padding: 0px; border: 0px; font-style: inherit; font-variant: inherit; font-stretch: inherit; line-height: 2rem; font-family: \'RV Montserrat\', helvetica, sans-serif; font-size: 1.875rem; vertical-align: baseline; color: #424242;\">Frequently asked questions</h2>\r\n<p style=\"box-sizing: border-box; margin: 0px 0px 1.875rem; padding: 0px; border: 0px; font-style: inherit; font-variant: inherit; font-stretch: inherit; line-height: 2.0625rem; font-size: 1.3125rem; vertical-align: baseline;\"><span style=\"box-sizing: border-box; margin: 0px; padding: 0px; border: 0px; font-style: inherit; font-variant: inherit; font-weight: 900; font-stretch: inherit; line-height: inherit; font-family: inherit; vertical-align: baseline;\">How do you store snacks in a dorm room?&nbsp;</span></p>\r\n<p style=\"box-sizing: border-box; margin: 0px 0px 1.875rem; padding: 0px; border: 0px; font-style: inherit; font-variant: inherit; font-stretch: inherit; line-height: 2.0625rem; font-size: 1.3125rem; vertical-align: baseline;\">Keep snacks in one area with a dedicated food storage cart.</p>\r\n<p style=\"box-sizing: border-box; margin: 0px 0px 1.875rem; padding: 0px; border: 0px; font-style: inherit; font-variant: inherit; font-stretch: inherit; line-height: 2.0625rem; font-size: 1.3125rem; vertical-align: baseline;\"><span style=\"box-sizing: border-box; margin: 0px; padding: 0px; border: 0px; font-style: inherit; font-variant: inherit; font-weight: 900; font-stretch: inherit; line-height: inherit; font-family: inherit; vertical-align: baseline;\">What are some dorm room essentials?&nbsp;</span></p>\r\n<p style=\"box-sizing: border-box; margin: 0px 0px 1.875rem; padding: 0px; border: 0px; font-style: inherit; font-variant: inherit; font-stretch: inherit; line-height: 2.0625rem; font-size: 1.3125rem; vertical-align: baseline;\">Under and above the bed storage, collapsible closet hangers, a desk organizer, and an over the fridge organizer will keep your dorm room clean and uncluttered.</p>\r\n<p style=\"box-sizing: border-box; margin: 0px 0px 1.875rem; padding: 0px; border: 0px; font-style: inherit; font-variant: inherit; font-stretch: inherit; line-height: 2.0625rem; font-size: 1.3125rem; vertical-align: baseline;\"><span style=\"box-sizing: border-box; margin: 0px; padding: 0px; border: 0px; font-style: inherit; font-variant: inherit; font-weight: 900; font-stretch: inherit; line-height: inherit; font-family: inherit; vertical-align: baseline;\">How do you maximize storage in a dorm room?</span></p>\r\n<p style=\"box-sizing: border-box; margin: 0px 0px 1.875rem; padding: 0px; border: 0px; font-style: inherit; font-variant: inherit; font-stretch: inherit; line-height: 2.0625rem; font-size: 1.3125rem; vertical-align: baseline;\">Think vertically. Your dorm may be narrow and small but adding shelving above your bed or a hutch on your desk will create more areas to store items efficiently. Don&rsquo;t forget under your bed; rolling storage bins keep items contained while out of sight.</p>\r\n<p style=\"box-sizing: border-box; margin: 0px 0px 1.875rem; padding: 0px; border: 0px; font-style: inherit; font-variant: inherit; font-stretch: inherit; line-height: 2.0625rem; font-size: 1.3125rem; vertical-align: baseline;\"><span style=\"box-sizing: border-box; margin: 0px; padding: 0px; border: 0px; font-style: inherit; font-variant: inherit; font-weight: 900; font-stretch: inherit; line-height: inherit; font-family: inherit; vertical-align: baseline;\">How do I organize my dorm room?&nbsp;</span></p>\r\n<p style=\"box-sizing: border-box; margin: 0px 0px 1.875rem; padding: 0px; border: 0px; font-style: inherit; font-variant: inherit; font-stretch: inherit; line-height: 2.0625rem; font-size: 1.3125rem; vertical-align: baseline;\">Plan dorm room organization around the layout of the space. Check with your housing advisor on the room dimensions and any furniture included. Think about what you&rsquo;ll be bringing to college and how to best keep it organized.</p>\r\n<p style=\"box-sizing: border-box; margin: 0px 0px 1.875rem; padding: 0px; border: 0px; font-style: inherit; font-variant: inherit; font-stretch: inherit; line-height: 2.0625rem; font-size: 1.3125rem; vertical-align: baseline;\">&nbsp;</p>\r\n</div>\r\n<div class=\"post__content\" style=\"box-sizing: border-box; margin: 0px auto; padding: 0px; border: 0px; font-variant-numeric: inherit; font-variant-east-asian: inherit; font-stretch: inherit; line-height: 2.0625rem; font-family: \'Source Serif Pro\', georgia, sans-serif; font-size: 1.3125rem; vertical-align: baseline; max-width: 41.875rem; color: #212121;\"><hr style=\"box-sizing: border-box;\" />\r\n<div class=\"post__author-details\" style=\"box-sizing: border-box; margin: 1.375rem 0px 0px; padding: 0px; border: 0px; font-style: inherit; font-variant: inherit; font-weight: inherit; font-stretch: inherit; line-height: inherit; font-family: inherit; vertical-align: baseline; display: flex;\">\r\n<div class=\"post__author-description\" style=\"box-sizing: border-box; margin: 0px 0px 1.875rem; padding: 0px; border: 0px; font-style: italic; font-variant: inherit; font-weight: inherit; font-stretch: inherit; line-height: 2.0625rem; font-family: inherit; font-size: 1.3125rem; vertical-align: baseline;\">Maureen Stanley is a New Jersey-based writer and reporter that specializes on all things home. She\'s always on the search for the latest design trends to make a house a home. When she\'s not writing, Maureen enjoys tending to her vegetable garden.</div>\r\n</div>\r\n</div>', '2020-08-30 00:39:00', '2020-09-05 20:37:16', '2020-08-29');
INSERT INTO `news` (`id`, `image`, `title`, `content`, `description`, `created_at`, `updated_at`, `date`) VALUES
(24, 'news\\August2020\\fC1ldcgJOQ0gO1wvlsAn.jpg', 'How to Paint a Garage Door in 8 Easy Steps', 'A garage door is an extension of your home. You want it to flow with the rest of your exterior, especially if the garage connects to the main portion of your house. Thankfully, painting a garage door can be an easy DIY job.', '<p>&nbsp; &nbsp; &nbsp; &nbsp; &nbsp; &nbsp; &nbsp; &nbsp; &nbsp; &nbsp; &nbsp; &nbsp; &nbsp; &nbsp; &nbsp; &nbsp; &nbsp; &nbsp; &nbsp; &nbsp; &nbsp; &nbsp; &nbsp; &nbsp; &nbsp; &nbsp;&nbsp;<img src=\"http://localhost/Shopping-FPT/public//storage/news/September2020/fC1ldcgJOQ0gO1wvlsAn.jpg\" alt=\"\" width=\"740\" height=\"493\" /></p>\r\n<div id=\"contentContainer\" class=\"post__content\" style=\"box-sizing: border-box; margin: 0px auto; padding: 0px; border: 0px; font-variant-numeric: inherit; font-variant-east-asian: inherit; font-stretch: inherit; line-height: 2.0625rem; font-family: \'Source Serif Pro\', georgia, sans-serif; font-size: 1.3125rem; vertical-align: baseline; max-width: 41.875rem; color: #212121;\">\r\n<p style=\"box-sizing: border-box; margin: 0px 0px 1.875rem; padding: 0px; border: 0px; font-style: inherit; font-variant: inherit; font-stretch: inherit; line-height: 2.0625rem; font-size: 1.3125rem; vertical-align: baseline;\">A garage door is an extension of your home. You want it to flow with the rest of your exterior, especially if the garage connects to the main portion of your house. Thankfully, painting a garage door can be an easy DIY job.</p>\r\n<p style=\"box-sizing: border-box; margin: 0px 0px 1.875rem; padding: 0px; border: 0px; font-style: inherit; font-variant: inherit; font-stretch: inherit; line-height: 2.0625rem; font-size: 1.3125rem; vertical-align: baseline;\">Finding the right garage door paint, prepping your garage door, and making the final result look great is all within reach &mdash; even if you&rsquo;re not a professional. If you are a new homeowner, painting your garage door can make your home feel more like you. Follow the guide below to learn how to paint a garage door.</p>\r\n<h2 style=\"box-sizing: border-box; margin: 0px 0px 1.875rem; padding: 0px; border: 0px; font-style: inherit; font-variant: inherit; font-stretch: inherit; line-height: 2rem; font-family: \'RV Montserrat\', helvetica, sans-serif; font-size: 1.875rem; vertical-align: baseline; color: #424242;\"><span style=\"box-sizing: border-box; margin: 0px; padding: 0px; border: 0px; font-style: inherit; font-variant: inherit; font-stretch: inherit; line-height: inherit; font-family: inherit; vertical-align: baseline;\">8 steps to painting a garage door</span></h2>\r\n<h3 style=\"box-sizing: border-box; margin: 0px 0px 1.5625rem; padding: 0px; border: 0px; font-style: inherit; font-variant: inherit; font-stretch: inherit; line-height: 2rem; font-family: \'RV Montserrat\', helvetica, sans-serif; font-size: 1.3125rem; vertical-align: baseline; color: #424242;\"><span style=\"box-sizing: border-box; margin: 0px; padding: 0px; border: 0px; font-style: inherit; font-variant: inherit; font-stretch: inherit; line-height: inherit; font-family: inherit; vertical-align: baseline;\">Step 1: Pick your garage door paint</span></h3>\r\n<p style=\"box-sizing: border-box; margin: 0px 0px 1.875rem; padding: 0px; border: 0px; font-style: inherit; font-variant: inherit; font-stretch: inherit; line-height: 2.0625rem; font-size: 1.3125rem; vertical-align: baseline;\">Most home improvement stores sell paint. For a garage door, look for paint that&rsquo;s formulated for exterior use to hold up against the elements.&nbsp;<a style=\"box-sizing: border-box; margin: 0px; padding: 0px; border: 0px; font-style: inherit; font-variant: inherit; font-stretch: inherit; line-height: inherit; font-family: inherit; vertical-align: baseline; transition: color 0.25s ease 0s;\" href=\"https://www.amazon.com/s?k=Acrylic+latex+exterior+house+paint&amp;ref=nb_sb_noss_2\" target=\"_blank\" rel=\"noopener\">Acrylic latex exterior house paint</a>&nbsp;works well. Be sure to shop around &mdash; pick up color samples you think might work on your door &mdash; so you can test them out before going all-in.</p>\r\n<p style=\"box-sizing: border-box; margin: 0px 0px 1.875rem; padding: 0px; border: 0px; font-style: inherit; font-variant: inherit; font-stretch: inherit; line-height: 2.0625rem; font-size: 1.3125rem; vertical-align: baseline;\"><span style=\"box-sizing: border-box; margin: 0px; padding: 0px; border: 0px; font-style: inherit; font-variant: inherit; font-weight: 900; font-stretch: inherit; line-height: inherit; font-family: inherit; vertical-align: baseline;\">Pro tip:</span>&nbsp;Buy an&nbsp;<a style=\"box-sizing: border-box; margin: 0px; padding: 0px; border: 0px; font-style: inherit; font-variant: inherit; font-stretch: inherit; line-height: inherit; font-family: inherit; vertical-align: baseline; transition: color 0.25s ease 0s;\" href=\"https://www.amazon.com/Rust-Oleum-1980502-Painters-Touch-Primer/dp/B000C02BLE/ref=sr_1_8?dchild=1&amp;keywords=outdoor+primer+paint&amp;qid=1584711518&amp;sr=8-8\" target=\"_blank\" rel=\"noopener\">exterior primer</a>&nbsp;to help the fresh coat of paint go on smoothly and stick better.</p>\r\n<h3 style=\"box-sizing: border-box; margin: 1.5625rem 0px; padding: 0px; border: 0px; font-style: inherit; font-variant: inherit; font-stretch: inherit; line-height: 2rem; font-family: \'RV Montserrat\', helvetica, sans-serif; font-size: 1.3125rem; vertical-align: baseline; color: #424242;\"><span style=\"box-sizing: border-box; margin: 0px; padding: 0px; border: 0px; font-style: inherit; font-variant: inherit; font-stretch: inherit; line-height: inherit; font-family: inherit; vertical-align: baseline;\">Step 2: Wash your garage door</span></h3>\r\n<p style=\"box-sizing: border-box; margin: 0px 0px 1.875rem; padding: 0px; border: 0px; font-style: inherit; font-variant: inherit; font-stretch: inherit; line-height: 2.0625rem; font-size: 1.3125rem; vertical-align: baseline;\">Being close to a street can make the exterior of your home and your garage door especially dirty. Since you don&rsquo;t want the dust mixing in with the new paint, be sure to wash your garage door thoroughly. All this takes is a bucket of water &mdash; perhaps a hose if it&rsquo;s easily accessible &mdash; and a washcloth. For particularly grimy garage doors, you may want to rent a power washer.</p>\r\n<p style=\"box-sizing: border-box; margin: 0px 0px 1.875rem; padding: 0px; border: 0px; font-style: inherit; font-variant: inherit; font-stretch: inherit; line-height: 2.0625rem; font-size: 1.3125rem; vertical-align: baseline;\"><span style=\"box-sizing: border-box; margin: 0px; padding: 0px; border: 0px; font-style: inherit; font-variant: inherit; font-weight: 900; font-stretch: inherit; line-height: inherit; font-family: inherit; vertical-align: baseline;\">Pro tip:</span>&nbsp;Lay down a drop cloth after washing the door and before painting to keep drips off of the cement.</p>\r\n<h3 style=\"box-sizing: border-box; margin: 1.5625rem 0px; padding: 0px; border: 0px; font-style: inherit; font-variant: inherit; font-stretch: inherit; line-height: 2rem; font-family: \'RV Montserrat\', helvetica, sans-serif; font-size: 1.3125rem; vertical-align: baseline; color: #424242;\"><span style=\"box-sizing: border-box; margin: 0px; padding: 0px; border: 0px; font-style: inherit; font-variant: inherit; font-stretch: inherit; line-height: inherit; font-family: inherit; vertical-align: baseline;\">Step 3: Watch the weather</span></h3>\r\n<p style=\"box-sizing: border-box; margin: 0px 0px 1.875rem; padding: 0px; border: 0px; font-style: inherit; font-variant: inherit; font-stretch: inherit; line-height: 2.0625rem; font-size: 1.3125rem; vertical-align: baseline;\">When planning to paint the garage door, you want to make sure you have a mild and clear day ahead. Warmer weather helps the paint dry quickly and evenly. And if it starts to rain in the middle of the job, you might have ugly runs in your paint. If you plan on priming the door, wait for a span of good weather days. Primer needs at least 12 hours to dry before applying a coat of paint.</p>\r\n<h3 style=\"box-sizing: border-box; margin: 1.5625rem 0px; padding: 0px; border: 0px; font-style: inherit; font-variant: inherit; font-stretch: inherit; line-height: 2rem; font-family: \'RV Montserrat\', helvetica, sans-serif; font-size: 1.3125rem; vertical-align: baseline; color: #424242;\"><span style=\"box-sizing: border-box; margin: 0px; padding: 0px; border: 0px; font-style: inherit; font-variant: inherit; font-stretch: inherit; line-height: inherit; font-family: inherit; vertical-align: baseline;\">Step 4: Tape off areas you don&rsquo;t want to paint</span></h3>\r\n<p style=\"box-sizing: border-box; margin: 0px 0px 1.875rem; padding: 0px; border: 0px; font-style: inherit; font-variant: inherit; font-stretch: inherit; line-height: 2.0625rem; font-size: 1.3125rem; vertical-align: baseline;\">If your garage door has any design, like rectangular recesses, patterns, or multiple colors, you&rsquo;ll need to outline your workspace to keep the finished product even and keep paint from areas you don&rsquo;t want to be painted.&nbsp;<a style=\"box-sizing: border-box; margin: 0px; padding: 0px; border: 0px; font-style: inherit; font-variant: inherit; font-stretch: inherit; line-height: inherit; font-family: inherit; vertical-align: baseline; transition: color 0.25s ease 0s;\" href=\"https://www.amazon.com/ScotchBlue-Painters-Multi-Use-1-88-Inch-60-Yard/dp/B00004Z4DU/ref=sr_1_5?dchild=1&amp;keywords=painter%27s+tape&amp;qid=1584712053&amp;sr=8-5&amp;swrs=9E6639B549A614FB2E8F0C746D3D5C79\" target=\"_blank\" rel=\"noopener\">Painter&rsquo;s tape</a>&nbsp;is cheap and easy to use. Roll it out and stick it on areas of the door to create even lines that the paint won&rsquo;t soak through. You only need to do this around the garage door frame edges and if you&rsquo;re using two different colors to paint parts of the garage.</p>\r\n<h3 style=\"box-sizing: border-box; margin: 1.5625rem 0px; padding: 0px; border: 0px; font-style: inherit; font-variant: inherit; font-stretch: inherit; line-height: 2rem; font-family: \'RV Montserrat\', helvetica, sans-serif; font-size: 1.3125rem; vertical-align: baseline; color: #424242;\"><span style=\"box-sizing: border-box; margin: 0px; padding: 0px; border: 0px; font-style: inherit; font-variant: inherit; font-stretch: inherit; line-height: inherit; font-family: inherit; vertical-align: baseline;\">Step 5: Prime the garage door</span></h3>\r\n<p style=\"box-sizing: border-box; margin: 0px 0px 1.875rem; padding: 0px; border: 0px; font-style: inherit; font-variant: inherit; font-stretch: inherit; line-height: 2.0625rem; font-size: 1.3125rem; vertical-align: baseline;\">Start by using a&nbsp;<a style=\"box-sizing: border-box; margin: 0px; padding: 0px; border: 0px; font-style: inherit; font-variant: inherit; font-stretch: inherit; line-height: inherit; font-family: inherit; vertical-align: baseline; transition: color 0.25s ease 0s;\" href=\"https://www.amazon.com/Pro-Grade-Professional-Painting-Commercial-Paintbrush/dp/B07JHQ4L4F/ref=sr_1_2?dchild=1&amp;keywords=exterior+paint+brush&amp;qid=1584712486&amp;sr=8-2&amp;swrs=9E6639B549A614FB2E8F0C746D3D5C79\" target=\"_blank\" rel=\"noopener\">paintbrush</a>&nbsp;to prime the garage door. Only one thin layer needs to go on &mdash; just enough to give the paint a base on which to stick. Thoroughly wash the brush out afterward to use it for painting later. Priming can be skipped if you&rsquo;re only touching up the garage door with the same color paint.</p>\r\n<h3 style=\"box-sizing: border-box; margin: 1.5625rem 0px; padding: 0px; border: 0px; font-style: inherit; font-variant: inherit; font-stretch: inherit; line-height: 2rem; font-family: \'RV Montserrat\', helvetica, sans-serif; font-size: 1.3125rem; vertical-align: baseline; color: #424242;\"><span style=\"box-sizing: border-box; margin: 0px; padding: 0px; border: 0px; font-style: inherit; font-variant: inherit; font-stretch: inherit; line-height: inherit; font-family: inherit; vertical-align: baseline;\">Step 6: Paint the recesses</span></h3>\r\n<p style=\"box-sizing: border-box; margin: 0px 0px 1.875rem; padding: 0px; border: 0px; font-style: inherit; font-variant: inherit; font-stretch: inherit; line-height: 2.0625rem; font-size: 1.3125rem; vertical-align: baseline;\">Once you&rsquo;re ready to begin painting, start with a paintbrush. Get into the recesses of the door if you have them, then paint the main surfaces and carefully paint into the corners. Try keeping the paint off of the stiles (the raised edges) so that when you paint these, the coat is even.</p>\r\n<p style=\"box-sizing: border-box; margin: 0px 0px 1.875rem; padding: 0px; border: 0px; font-style: inherit; font-variant: inherit; font-stretch: inherit; line-height: 2.0625rem; font-size: 1.3125rem; vertical-align: baseline;\"><span style=\"box-sizing: border-box; margin: 0px; padding: 0px; border: 0px; font-style: inherit; font-variant: inherit; font-weight: 900; font-stretch: inherit; line-height: inherit; font-family: inherit; vertical-align: baseline;\">Pro tip:&nbsp;</span>When painting with a brush, maintain a wet edge (but not dripping!) so that the paint doesn&rsquo;t run or streak.</p>\r\n<h3 style=\"box-sizing: border-box; margin: 1.5625rem 0px; padding: 0px; border: 0px; font-style: inherit; font-variant: inherit; font-stretch: inherit; line-height: 2rem; font-family: \'RV Montserrat\', helvetica, sans-serif; font-size: 1.3125rem; vertical-align: baseline; color: #424242;\"><span style=\"box-sizing: border-box; margin: 0px; padding: 0px; border: 0px; font-style: inherit; font-variant: inherit; font-stretch: inherit; line-height: inherit; font-family: inherit; vertical-align: baseline;\">Step 7: Paint the stiles</span></h3>\r\n<p style=\"box-sizing: border-box; margin: 0px 0px 1.875rem; padding: 0px; border: 0px; font-style: inherit; font-variant: inherit; font-stretch: inherit; line-height: 2.0625rem; font-size: 1.3125rem; vertical-align: baseline;\">Paint the stiles next. Since they are above the recesses, the quickest way to do this is to use a&nbsp;<a style=\"box-sizing: border-box; margin: 0px; padding: 0px; border: 0px; font-style: inherit; font-variant: inherit; font-stretch: inherit; line-height: inherit; font-family: inherit; vertical-align: baseline; transition: color 0.25s ease 0s;\" href=\"https://www.amazon.com/Gam-Paint-Brushes-PT03362-12-Piece/dp/B0049U4L7K/ref=sr_1_24?dchild=1&amp;keywords=exterior+paint+roller&amp;qid=1584712659&amp;sr=8-24&amp;swrs=9E6639B549A614FB2E8F0C746D3D5C79\" target=\"_blank\" rel=\"noopener\">roller and a pan</a>. This keeps your paint strokes smooth and gets the job done quickly.</p>\r\n<p style=\"box-sizing: border-box; margin: 0px 0px 1.875rem; padding: 0px; border: 0px; font-style: inherit; font-variant: inherit; font-stretch: inherit; line-height: 2.0625rem; font-size: 1.3125rem; vertical-align: baseline;\">If you can still see the primer through the paint coat, do a second one to make it look professional. Let each coat dry for about 12 hours before applying the next. A second coat usually isn&rsquo;t required but can be necessary if you&rsquo;re painting your door lighter than the original color.</p>\r\n<h3 style=\"box-sizing: border-box; margin: 1.5625rem 0px; padding: 0px; border: 0px; font-style: inherit; font-variant: inherit; font-stretch: inherit; line-height: 2rem; font-family: \'RV Montserrat\', helvetica, sans-serif; font-size: 1.3125rem; vertical-align: baseline; color: #424242;\"><span style=\"box-sizing: border-box; margin: 0px; padding: 0px; border: 0px; font-style: inherit; font-variant: inherit; font-stretch: inherit; line-height: inherit; font-family: inherit; vertical-align: baseline;\">Step 8: Keep it clean</span></h3>\r\n<p style=\"box-sizing: border-box; margin: 0px 0px 1.875rem; padding: 0px; border: 0px; font-style: inherit; font-variant: inherit; font-stretch: inherit; line-height: 2.0625rem; font-size: 1.3125rem; vertical-align: baseline;\">Maintaining the garage door will go a long way in keeping it looking fresh. Gently wash it down every once in a while so the dirt doesn&rsquo;t scratch away your paint.</p>\r\n<h2 style=\"box-sizing: border-box; margin: 0px 0px 1.875rem; padding: 0px; border: 0px; font-style: inherit; font-variant: inherit; font-stretch: inherit; line-height: 2rem; font-family: \'RV Montserrat\', helvetica, sans-serif; font-size: 1.875rem; vertical-align: baseline; color: #424242;\"><span style=\"box-sizing: border-box; margin: 0px; padding: 0px; border: 0px; font-style: inherit; font-variant: inherit; font-stretch: inherit; line-height: inherit; font-family: inherit; vertical-align: baseline;\">Products and tools you&rsquo;ll need to paint a garage door</span></h2>\r\n<ul style=\"box-sizing: border-box; margin: 0px 0px 1.875rem; padding: 0px 0px 0px 1.4375rem; border: 0px; font-style: inherit; font-variant: inherit; font-weight: inherit; font-stretch: inherit; line-height: inherit; font-family: inherit; vertical-align: baseline; list-style-position: initial; list-style-image: initial;\">\r\n<li style=\"box-sizing: border-box; margin: 0px 0px 0.625rem; padding: 0px; border: 0px; font-style: inherit; font-variant: inherit; font-weight: inherit; font-stretch: inherit; line-height: 2.0625rem; font-family: inherit; font-size: 1.3125rem; vertical-align: baseline;\"><a style=\"box-sizing: border-box; margin: 0px; padding: 0px; border: 0px; font-style: inherit; font-variant: inherit; font-stretch: inherit; line-height: inherit; font-family: inherit; vertical-align: baseline; transition: color 0.25s ease 0s;\" href=\"https://www.amazon.com/Rust-Oleum-1980502-Painters-Touch-Primer/dp/B000C02BLE/ref=sr_1_8?dchild=1&amp;keywords=outdoor+primer+paint&amp;qid=1584711518&amp;sr=8-8\" target=\"_blank\" rel=\"noopener\">Exterior primer</a>: This keeps the paint sticking to the garage door instead of flaking away with old paint underneath.</li>\r\n<li style=\"box-sizing: border-box; margin: 0px 0px 0.625rem; padding: 0px; border: 0px; font-style: inherit; font-variant: inherit; font-weight: inherit; font-stretch: inherit; line-height: 2.0625rem; font-family: inherit; font-size: 1.3125rem; vertical-align: baseline;\"><a style=\"box-sizing: border-box; margin: 0px; padding: 0px; border: 0px; font-style: inherit; font-variant: inherit; font-stretch: inherit; line-height: inherit; font-family: inherit; vertical-align: baseline; transition: color 0.25s ease 0s;\" href=\"https://www.amazon.com/s?k=Acrylic+latex+exterior+house+paint&amp;ref=nb_sb_noss_2\" target=\"_blank\" rel=\"noopener\">Garage door paint</a>: Acrylic latex exterior house paint is a great choice for garage door paint.</li>\r\n<li style=\"box-sizing: border-box; margin: 0px 0px 0.625rem; padding: 0px; border: 0px; font-style: inherit; font-variant: inherit; font-weight: inherit; font-stretch: inherit; line-height: 2.0625rem; font-family: inherit; font-size: 1.3125rem; vertical-align: baseline;\"><a style=\"box-sizing: border-box; margin: 0px; padding: 0px; border: 0px; font-style: inherit; font-variant: inherit; font-stretch: inherit; line-height: inherit; font-family: inherit; vertical-align: baseline; transition: color 0.25s ease 0s;\" href=\"https://www.amazon.com/ScotchBlue-Painters-Multi-Use-1-88-Inch-60-Yard/dp/B00004Z4DU/ref=sr_1_5?dchild=1&amp;keywords=painter%27s+tape&amp;qid=1584712053&amp;sr=8-5&amp;swrs=9E6639B549A614FB2E8F0C746D3D5C79\" target=\"_blank\" rel=\"noopener\">Painter&rsquo;s tape</a>: Applying painter&rsquo;s tape aids in defining edges and keeping the paint job looking professional.</li>\r\n<li style=\"box-sizing: border-box; margin: 0px 0px 0.625rem; padding: 0px; border: 0px; font-style: inherit; font-variant: inherit; font-weight: inherit; font-stretch: inherit; line-height: 2.0625rem; font-family: inherit; font-size: 1.3125rem; vertical-align: baseline;\"><a style=\"box-sizing: border-box; margin: 0px; padding: 0px; border: 0px; font-style: inherit; font-variant: inherit; font-stretch: inherit; line-height: inherit; font-family: inherit; vertical-align: baseline; transition: color 0.25s ease 0s;\" href=\"https://www.amazon.com/Pro-Grade-Professional-Painting-Commercial-Paintbrush/dp/B07JHQ4L4F/ref=sr_1_2?dchild=1&amp;keywords=exterior+paint+brush&amp;qid=1584712486&amp;sr=8-2&amp;swrs=9E6639B549A614FB2E8F0C746D3D5C79\" target=\"_blank\" rel=\"noopener\">Paintbrushes</a>: A set of paintbrushes comes in handy; you&rsquo;ll want to have more than one size for certain areas of the door.</li>\r\n<li style=\"box-sizing: border-box; margin: 0px 0px 0.625rem; padding: 0px; border: 0px; font-style: inherit; font-variant: inherit; font-weight: inherit; font-stretch: inherit; line-height: 2.0625rem; font-family: inherit; font-size: 1.3125rem; vertical-align: baseline;\"><a style=\"box-sizing: border-box; margin: 0px; padding: 0px; border: 0px; font-style: inherit; font-variant: inherit; font-stretch: inherit; line-height: inherit; font-family: inherit; vertical-align: baseline; transition: color 0.25s ease 0s;\" href=\"https://www.amazon.com/Gam-Paint-Brushes-PT03362-12-Piece/dp/B0049U4L7K/ref=sr_1_24?dchild=1&amp;keywords=exterior+paint+roller&amp;qid=1584712659&amp;sr=8-24&amp;swrs=9E6639B549A614FB2E8F0C746D3D5C79\" target=\"_blank\" rel=\"noopener\">Roller and a pan</a>: Using a roller for the stiles makes the job go quickly and cleanly.</li>\r\n<li style=\"box-sizing: border-box; margin: 0px 0px 0.625rem; padding: 0px; border: 0px; font-style: inherit; font-variant: inherit; font-weight: inherit; font-stretch: inherit; line-height: 2.0625rem; font-family: inherit; font-size: 1.3125rem; vertical-align: baseline;\"><a style=\"box-sizing: border-box; margin: 0px; padding: 0px; border: 0px; font-style: inherit; font-variant: inherit; font-stretch: inherit; line-height: inherit; font-family: inherit; vertical-align: baseline; transition: color 0.25s ease 0s;\" href=\"https://www.amazon.com/Purpose-Canvas-Cotton-Drop-Cloth/dp/B00TIXP6EU/ref=sxin_4_ac_d_pm?ac_md=3-1-QmV0d2VlbiAkMTUgYW5kICQ1MA%3D%3D-ac_d_pm&amp;crid=1UA7L7ECZUAOK&amp;cv_ct_cx=painting+drop+cloth&amp;dchild=1&amp;keywords=painting+drop+cloth&amp;pd_rd_i=B00TIXP6EU&amp;pd_rd_r=77e5d36b-9f2a-4897-b1e3-ac174e8502e9&amp;pd_rd_w=o9lmG&amp;pd_rd_wg=kIaPE&amp;pf_rd_p=516e6e17-ed95-417b-b7a4-ad2c7b9cbae3&amp;pf_rd_r=MBRR5Z59TKV5GFWNBMJV&amp;psc=1&amp;qid=1584713213&amp;sprefix=painting+dropcloth%2Caps%2C233&amp;sr=1-2-22d05c05-1231-4126-b7c4-3e7a9c0027d0\" target=\"_blank\" rel=\"noopener\">Painting drop cloth</a>: Lay this down below the area you are painting to keep the ground free of paint drips.</li>\r\n<li style=\"box-sizing: border-box; margin: 0px 0px 0.625rem; padding: 0px; border: 0px; font-style: inherit; font-variant: inherit; font-weight: inherit; font-stretch: inherit; line-height: 2.0625rem; font-family: inherit; font-size: 1.3125rem; vertical-align: baseline;\"><a style=\"box-sizing: border-box; margin: 0px; padding: 0px; border: 0px; font-style: inherit; font-variant: inherit; font-stretch: inherit; line-height: inherit; font-family: inherit; vertical-align: baseline; transition: color 0.25s ease 0s;\" href=\"https://www.amazon.com/Made-Woodman-Crafts-Paint-Sticks/dp/B076BXLDQN/ref=sr_1_3?dchild=1&amp;keywords=painting+mix+stick&amp;qid=1584713282&amp;sr=8-3&amp;swrs=54002A54BFD576D2064B46EACDD71DAF\" target=\"_blank\" rel=\"noopener\">Stir sticks</a>: Make sure the paint hasn&rsquo;t separated before you begin by mixing it up with a stir stick.</li>\r\n<li style=\"box-sizing: border-box; margin: 0px 0px 0.625rem; padding: 0px; border: 0px; font-style: inherit; font-variant: inherit; font-weight: inherit; font-stretch: inherit; line-height: 2.0625rem; font-family: inherit; font-size: 1.3125rem; vertical-align: baseline;\"><a style=\"box-sizing: border-box; margin: 0px; padding: 0px; border: 0px; font-style: inherit; font-variant: inherit; font-stretch: inherit; line-height: inherit; font-family: inherit; vertical-align: baseline; transition: color 0.25s ease 0s;\" href=\"https://www.amazon.com/s?k=step+ladder&amp;ref=nb_sb_noss_2\" target=\"_blank\" rel=\"noopener\">Step ladder</a>: If you&rsquo;re not tall enough to comfortably reach the top of the garage door, you might need a boost.</li>\r\n</ul>\r\n<h2 style=\"box-sizing: border-box; margin: 0px 0px 1.875rem; padding: 0px; border: 0px; font-style: inherit; font-variant: inherit; font-stretch: inherit; line-height: 2rem; font-family: \'RV Montserrat\', helvetica, sans-serif; font-size: 1.875rem; vertical-align: baseline; color: #424242;\"><span style=\"box-sizing: border-box; margin: 0px; padding: 0px; border: 0px; font-style: inherit; font-variant: inherit; font-stretch: inherit; line-height: inherit; font-family: inherit; vertical-align: baseline;\">When to call in a professional to paint a garage door</span></h2>\r\n<p style=\"box-sizing: border-box; margin: 0px 0px 1.875rem; padding: 0px; border: 0px; font-style: inherit; font-variant: inherit; font-stretch: inherit; line-height: 2.0625rem; font-size: 1.3125rem; vertical-align: baseline;\">Although painting a garage door is a task many people choose to take on themselves, hiring a professional is another option. You may go this route if you have more than one garage door, or not enough time to take on the task yourself. You may also choose to do so if the garage door is old or hasn&rsquo;t been painted for a long time and needs more preparation before painting can occur.</p>\r\n<p style=\"box-sizing: border-box; margin: 0px 0px 1.875rem; padding: 0px; border: 0px; font-style: inherit; font-variant: inherit; font-stretch: inherit; line-height: 2.0625rem; font-size: 1.3125rem; vertical-align: baseline;\">The upside to hiring a professional is that the finished product will look professional, it won&rsquo;t take any of your time, and the job will be done quickly. Since they are not only bringing the materials but also doing the labor, you will have to pay for their time. Depending on the size of the job, it may cost anywhere from $200 to $1,000.</p>\r\n<h2 style=\"box-sizing: border-box; margin: 0px 0px 1.875rem; padding: 0px; border: 0px; font-style: inherit; font-variant: inherit; font-stretch: inherit; line-height: 2rem; font-family: \'RV Montserrat\', helvetica, sans-serif; font-size: 1.875rem; vertical-align: baseline; color: #424242;\"><span style=\"box-sizing: border-box; margin: 0px; padding: 0px; border: 0px; font-style: inherit; font-variant: inherit; font-stretch: inherit; line-height: inherit; font-family: inherit; vertical-align: baseline;\">Frequently Asked Questions</span></h2>\r\n<p style=\"box-sizing: border-box; margin: 0px 0px 1.875rem; padding: 0px; border: 0px; font-style: inherit; font-variant: inherit; font-stretch: inherit; line-height: 2.0625rem; font-size: 1.3125rem; vertical-align: baseline;\"><span style=\"box-sizing: border-box; margin: 0px; padding: 0px; border: 0px; font-style: inherit; font-variant: inherit; font-weight: 900; font-stretch: inherit; line-height: inherit; font-family: inherit; vertical-align: baseline;\">How long should I wait between coats of paint on a garage door?</span></p>\r\n<p style=\"box-sizing: border-box; margin: 0px 0px 1.875rem; padding: 0px; border: 0px; font-style: inherit; font-variant: inherit; font-stretch: inherit; line-height: 2.0625rem; font-size: 1.3125rem; vertical-align: baseline;\">Wait at least 12 hours in between each coat of paint or primer to make sure it has fully dried and won&rsquo;t smear. This is longer than you&rsquo;d usually have to wait for paint to dry inside your home.</p>\r\n<p style=\"box-sizing: border-box; margin: 0px 0px 1.875rem; padding: 0px; border: 0px; font-style: inherit; font-variant: inherit; font-stretch: inherit; line-height: 2.0625rem; font-size: 1.3125rem; vertical-align: baseline;\"><span style=\"box-sizing: border-box; margin: 0px; padding: 0px; border: 0px; font-style: inherit; font-variant: inherit; font-weight: 900; font-stretch: inherit; line-height: inherit; font-family: inherit; vertical-align: baseline;\">Do I need to prime the garage door first?</span></p>\r\n<p style=\"box-sizing: border-box; margin: 0px 0px 1.875rem; padding: 0px; border: 0px; font-style: inherit; font-variant: inherit; font-stretch: inherit; line-height: 2.0625rem; font-size: 1.3125rem; vertical-align: baseline;\">You don&rsquo;t have to, but primer will make the paint stick better. This keeps the job looking better for a longer period. If you choose not to prime the garage door, consider using paint with a built-in primer.</p>\r\n<p style=\"box-sizing: border-box; margin: 0px 0px 1.875rem; padding: 0px; border: 0px; font-style: inherit; font-variant: inherit; font-stretch: inherit; line-height: 2.0625rem; font-size: 1.3125rem; vertical-align: baseline;\"><span style=\"box-sizing: border-box; margin: 0px; padding: 0px; border: 0px; font-style: inherit; font-variant: inherit; font-weight: 900; font-stretch: inherit; line-height: inherit; font-family: inherit; vertical-align: baseline;\">Can I paint a garage door with a roller?</span></p>\r\n<p style=\"box-sizing: border-box; margin: 0px 0px 1.875rem; padding: 0px; border: 0px; font-style: inherit; font-variant: inherit; font-stretch: inherit; line-height: 2.0625rem; font-size: 1.3125rem; vertical-align: baseline;\">If your garage door is flat, you could do all but the edges with a roller. If it contains recesses, only do the stiles with a roller to keep it clean.</p>\r\n<p style=\"box-sizing: border-box; margin: 0px 0px 1.875rem; padding: 0px; border: 0px; font-style: inherit; font-variant: inherit; font-stretch: inherit; line-height: 2.0625rem; font-size: 1.3125rem; vertical-align: baseline;\"><span style=\"box-sizing: border-box; margin: 0px; padding: 0px; border: 0px; font-style: inherit; font-variant: inherit; font-weight: 900; font-stretch: inherit; line-height: inherit; font-family: inherit; vertical-align: baseline;\">How much does it cost to paint a garage door?</span></p>\r\n<p style=\"box-sizing: border-box; margin: 0px 0px 1.875rem; padding: 0px; border: 0px; font-style: inherit; font-variant: inherit; font-stretch: inherit; line-height: 2.0625rem; font-size: 1.3125rem; vertical-align: baseline;\">Depending on the quality of paint you buy and the size of the door, a garage door will cost around $150 to $200 to paint yourself. If you hire a professional, costs can go up to about $1,000.</p>\r\n<p style=\"box-sizing: border-box; margin: 0px 0px 1.875rem; padding: 0px; border: 0px; font-style: inherit; font-variant: inherit; font-stretch: inherit; line-height: 2.0625rem; font-size: 1.3125rem; vertical-align: baseline;\">&nbsp;</p>\r\n</div>\r\n<div class=\"post__content\" style=\"box-sizing: border-box; margin: 0px auto; padding: 0px; border: 0px; font-variant-numeric: inherit; font-variant-east-asian: inherit; font-stretch: inherit; line-height: 2.0625rem; font-family: \'Source Serif Pro\', georgia, sans-serif; font-size: 1.3125rem; vertical-align: baseline; max-width: 41.875rem; color: #212121;\"><hr style=\"box-sizing: border-box;\" />\r\n<div class=\"post__author-details\" style=\"box-sizing: border-box; margin: 1.375rem 0px 0px; padding: 0px; border: 0px; font-style: inherit; font-variant: inherit; font-weight: inherit; font-stretch: inherit; line-height: inherit; font-family: inherit; vertical-align: baseline; display: flex;\">\r\n<div class=\"post__author-description\" style=\"box-sizing: border-box; margin: 0px 0px 1.875rem; padding: 0px; border: 0px; font-style: italic; font-variant: inherit; font-weight: inherit; font-stretch: inherit; line-height: 2.0625rem; font-family: inherit; font-size: 1.3125rem; vertical-align: baseline;\">Amanda Williams has been a traveling freelance writer for five years. She&rsquo;s moved a lot over the past few years, giving her real-life expertise when she writes about ways to make your move easier. Based in South Dakota, she enjoys writing with a cup of coffee and her dog by her side</div>\r\n</div>\r\n</div>', '2020-08-30 00:44:00', '2020-09-05 20:47:52', '2020-08-29');
INSERT INTO `news` (`id`, `image`, `title`, `content`, `description`, `created_at`, `updated_at`, `date`) VALUES
(25, 'news\\August2020\\JUR50OfSIM843X3iDEcK.jpg', 'How to Get Rid of House Centipedes', 'House centipedes can strike fear into just about anyone who encounters them inside their home. These pests have worm-like bodies with multiple sets of long, creepy legs. House centipedes prefer to stay out of sight, so if you encounter one, it will most likely be an unwelcome surprise for both you and the centipede.', '<p>&nbsp; &nbsp; &nbsp; &nbsp; &nbsp; &nbsp; &nbsp; &nbsp; &nbsp; &nbsp; &nbsp; &nbsp; &nbsp; &nbsp; &nbsp; &nbsp; &nbsp; &nbsp; &nbsp; &nbsp; &nbsp; &nbsp; &nbsp; &nbsp; &nbsp; &nbsp; &nbsp; &nbsp; &nbsp; &nbsp; &nbsp; &nbsp; &nbsp; &nbsp; <img src=\"http://localhost/Shopping-FPT/public//storage/news/September2020/JUR50OfSIM843X3iDEcK.jpg\" alt=\"\" width=\"740\" height=\"493\" /></p>\r\n<div id=\"contentContainer\" class=\"post__content\" style=\"box-sizing: border-box; margin: 0px auto; padding: 0px; border: 0px; font-variant-numeric: inherit; font-variant-east-asian: inherit; font-stretch: inherit; line-height: 2.0625rem; font-family: \'Source Serif Pro\', georgia, sans-serif; font-size: 1.3125rem; vertical-align: baseline; max-width: 41.875rem; color: #212121;\">\r\n<p style=\"box-sizing: border-box; margin: 0px 0px 1.875rem; padding: 0px; border: 0px; font-style: inherit; font-variant: inherit; font-stretch: inherit; line-height: 2.0625rem; font-size: 1.3125rem; vertical-align: baseline;\">House centipedes can strike fear into just about anyone who encounters them inside their home. These pests have worm-like bodies with multiple sets of long, creepy legs. House centipedes prefer to stay out of sight, so if you encounter one, it will most likely be an unwelcome surprise for both you and the centipede.</p>\r\n<h2 style=\"box-sizing: border-box; margin: 0px 0px 1.875rem; padding: 0px; border: 0px; font-style: inherit; font-variant: inherit; font-stretch: inherit; line-height: 2rem; font-family: \'RV Montserrat\', helvetica, sans-serif; font-size: 1.875rem; vertical-align: baseline; color: #424242;\">What do house centipedes look like?</h2>\r\n<p style=\"box-sizing: border-box; margin: 0px 0px 1.875rem; padding: 0px; border: 0px; font-style: inherit; font-variant: inherit; font-stretch: inherit; line-height: 2.0625rem; font-size: 1.3125rem; vertical-align: baseline;\">The bodies of house centipedes appear to be flattened and elongated. Their bodies contain numerous segments, each of which includes a pair of legs. On the female house centipede, the last pair of legs are&nbsp;<a style=\"box-sizing: border-box; margin: 0px; padding: 0px; border: 0px; font-style: inherit; font-variant: inherit; font-stretch: inherit; line-height: inherit; font-family: inherit; vertical-align: baseline; transition: color 0.25s ease 0s;\" href=\"https://ento.psu.edu/extension/factsheets/house-centipedes\" target=\"_blank\" rel=\"noopener\">elongated to almost twice the length of her body</a>, causing her to look even bigger and more threatening. House centipedes can bite humans and will leave two red marks on the skin that are often accompanied by localized pain.</p>\r\n<h2 style=\"box-sizing: border-box; margin: 0px 0px 1.875rem; padding: 0px; border: 0px; font-style: inherit; font-variant: inherit; font-stretch: inherit; line-height: 2rem; font-family: \'RV Montserrat\', helvetica, sans-serif; font-size: 1.875rem; vertical-align: baseline; color: #424242;\">How do you get house centipedes?</h2>\r\n<p style=\"box-sizing: border-box; margin: 0px 0px 1.875rem; padding: 0px; border: 0px; font-style: inherit; font-variant: inherit; font-stretch: inherit; line-height: 2.0625rem; font-size: 1.3125rem; vertical-align: baseline;\">House centipedes come into your home in search of shelter and food. They prefer to spend their days in dark, damp places and their nights on the hunt for food. House centipedes&nbsp;<a style=\"box-sizing: border-box; margin: 0px; padding: 0px; border: 0px; font-style: inherit; font-variant: inherit; font-stretch: inherit; line-height: inherit; font-family: inherit; vertical-align: baseline; transition: color 0.25s ease 0s;\" href=\"https://ento.psu.edu/extension/factsheets/house-centipedes\" target=\"_blank\" rel=\"noopener\">eat other pests</a>&nbsp;such as silverfish, cockroaches and spiders&mdash;but that doesn&rsquo;t make homeowners any happier to see them.</p>\r\n<p style=\"box-sizing: border-box; margin: 0px 0px 1.875rem; padding: 0px; border: 0px; font-style: inherit; font-variant: inherit; font-stretch: inherit; line-height: 2.0625rem; font-size: 1.3125rem; vertical-align: baseline;\">The presence of house centipedes can point to a potentially bigger issue with other pests in your home. If you start seeing a number of house centipedes, it is important that you take a hard look at the possibility of a serious secondary infestation.</p>\r\n<h2 style=\"box-sizing: border-box; margin: 0px 0px 1.875rem; padding: 0px; border: 0px; font-style: inherit; font-variant: inherit; font-stretch: inherit; line-height: 2rem; font-family: \'RV Montserrat\', helvetica, sans-serif; font-size: 1.875rem; vertical-align: baseline; color: #424242;\">How to check for house centipedes</h2>\r\n<p style=\"box-sizing: border-box; margin: 0px 0px 1.875rem; padding: 0px; border: 0px; font-style: inherit; font-variant: inherit; font-stretch: inherit; line-height: 2.0625rem; font-size: 1.3125rem; vertical-align: baseline;\">A house centipede infestation can be difficult to spot because of the elusive behavior of this pest. Most of the time, house centipedes remain in damp and dark places throughout the majority of the day. If you want to check your home for house centipedes, you should start your search in any area that has a history of water problems. Under sinks and in the basement are good places to start looking for house centipedes.</p>\r\n<p style=\"box-sizing: border-box; margin: 0px 0px 1.875rem; padding: 0px; border: 0px; font-style: inherit; font-variant: inherit; font-stretch: inherit; line-height: 2.0625rem; font-size: 1.3125rem; vertical-align: baseline;\">You can also check for house centipedes by watching for activity when they are typically active. If you are a night owl, take the opportunity to look around for house centipedes the next time you are up late. Start your search in areas such as the bathroom, kitchen, or basement where dampness is most likely to occur.</p>\r\n<h2 style=\"box-sizing: border-box; margin: 0px 0px 1.875rem; padding: 0px; border: 0px; font-style: inherit; font-variant: inherit; font-stretch: inherit; line-height: 2rem; font-family: \'RV Montserrat\', helvetica, sans-serif; font-size: 1.875rem; vertical-align: baseline; color: #424242;\">How long can house centipede infestations last?</h2>\r\n<p style=\"box-sizing: border-box; margin: 0px 0px 1.875rem; padding: 0px; border: 0px; font-style: inherit; font-variant: inherit; font-stretch: inherit; line-height: 2.0625rem; font-size: 1.3125rem; vertical-align: baseline;\">In the right conditions, female house centipedes can live for years. During that long lifespan, the female centipede will reproduce multiple times. The&nbsp;<a style=\"box-sizing: border-box; margin: 0px; padding: 0px; border: 0px; font-style: inherit; font-variant: inherit; font-stretch: inherit; line-height: inherit; font-family: inherit; vertical-align: baseline; transition: color 0.25s ease 0s;\" href=\"https://ento.psu.edu/extension/factsheets/house-centipedes\" target=\"_blank\" rel=\"noopener\">Penn State Department of Entomology</a>&nbsp;points out that a female centipede can have as many as 150 offspring in her lifetime. A house centipede infestation that starts small can grow to very large numbers over the span of a female centipede&rsquo;s lifetime.</p>\r\n<h2 style=\"box-sizing: border-box; margin: 0px 0px 1.875rem; padding: 0px; border: 0px; font-style: inherit; font-variant: inherit; font-stretch: inherit; line-height: 2rem; font-family: \'RV Montserrat\', helvetica, sans-serif; font-size: 1.875rem; vertical-align: baseline; color: #424242;\">How to get rid of house centipedes, step by step</h2>\r\n<p style=\"box-sizing: border-box; margin: 0px 0px 1.875rem; padding: 0px; border: 0px; font-style: inherit; font-variant: inherit; font-stretch: inherit; line-height: 2.0625rem; font-size: 1.3125rem; vertical-align: baseline;\">If you want to know how to get rid of house centipedes, start by following the step by step guidelines below. A few proactive steps on your part can help you get rid of the house centipedes currently in your home and prevent more from coming inside in the future.</p>\r\n<h3 style=\"box-sizing: border-box; margin: 1.5625rem 0px; padding: 0px; border: 0px; font-style: inherit; font-variant: inherit; font-stretch: inherit; line-height: 2rem; font-family: \'RV Montserrat\', helvetica, sans-serif; font-size: 1.3125rem; vertical-align: baseline; color: #424242;\">Step 1: Deal with any water issues around your house.</h3>\r\n<p style=\"box-sizing: border-box; margin: 0px 0px 1.875rem; padding: 0px; border: 0px; font-style: inherit; font-variant: inherit; font-stretch: inherit; line-height: 2.0625rem; font-size: 1.3125rem; vertical-align: baseline;\">House centipedes are attracted to areas that are dark and damp. If you have any water issues around your house&mdash;such as a leak under your kitchen sink&mdash;you are inadvertently creating an ideal space for house centipedes. Fixing water issues will make your home less attractive to this pest.</p>\r\n<h3 style=\"box-sizing: border-box; margin: 1.5625rem 0px; padding: 0px; border: 0px; font-style: inherit; font-variant: inherit; font-stretch: inherit; line-height: 2rem; font-family: \'RV Montserrat\', helvetica, sans-serif; font-size: 1.3125rem; vertical-align: baseline; color: #424242;\">Step 2: Give your house a thorough cleaning.</h3>\r\n<p style=\"box-sizing: border-box; margin: 0px 0px 1.875rem; padding: 0px; border: 0px; font-style: inherit; font-variant: inherit; font-stretch: inherit; line-height: 2.0625rem; font-size: 1.3125rem; vertical-align: baseline;\">Vacuuming out the corners and crevices of your home using a high-powered vacuum cleaner can suck up house centipedes that are trying to hide during the day. Be sure and dispose of the contents in a way that does not allow the centipedes to crawl back into your house.</p>\r\n<h3 style=\"box-sizing: border-box; margin: 1.5625rem 0px; padding: 0px; border: 0px; font-style: inherit; font-variant: inherit; font-stretch: inherit; line-height: 2rem; font-family: \'RV Montserrat\', helvetica, sans-serif; font-size: 1.3125rem; vertical-align: baseline; color: #424242;\">Step 3: Get rid of other pests in your home.</h3>\r\n<p style=\"box-sizing: border-box; margin: 0px 0px 1.875rem; padding: 0px; border: 0px; font-style: inherit; font-variant: inherit; font-stretch: inherit; line-height: 2.0625rem; font-size: 1.3125rem; vertical-align: baseline;\">House centipedes feed on other pests like cockroaches, silverfish, and spiders. If you have another type of pest infestation, it can attract house centipedes into your home. Eradicating other types of pests can help you get rid of house centipedes.</p>\r\n<h2 style=\"box-sizing: border-box; margin: 0px 0px 1.875rem; padding: 0px; border: 0px; font-style: inherit; font-variant: inherit; font-stretch: inherit; line-height: 2rem; font-family: \'RV Montserrat\', helvetica, sans-serif; font-size: 1.875rem; vertical-align: baseline; color: #424242;\">Products you can use to treat a house centipede infestation</h2>\r\n<ul style=\"box-sizing: border-box; margin: 0px 0px 1.875rem; padding: 0px 0px 0px 1.4375rem; border: 0px; font-style: inherit; font-variant: inherit; font-weight: inherit; font-stretch: inherit; line-height: inherit; font-family: inherit; vertical-align: baseline; list-style-position: initial; list-style-image: initial;\">\r\n<li style=\"box-sizing: border-box; margin: 0px 0px 0.625rem; padding: 0px; border: 0px; font-style: inherit; font-variant: inherit; font-weight: inherit; font-stretch: inherit; line-height: 2.0625rem; font-family: inherit; font-size: 1.3125rem; vertical-align: baseline;\"><span style=\"box-sizing: border-box; margin: 0px; padding: 0px; border: 0px; font-style: inherit; font-variant: inherit; font-weight: 900; font-stretch: inherit; line-height: inherit; font-family: inherit; vertical-align: baseline;\">High-powered vacuum cleaner.&nbsp;</span>A high-powered vacuum like the&nbsp;<a style=\"box-sizing: border-box; margin: 0px; padding: 0px; border: 0px; font-style: inherit; font-variant: inherit; font-stretch: inherit; line-height: inherit; font-family: inherit; vertical-align: baseline; transition: color 0.25s ease 0s;\" href=\"https://www.amazon.com/Shark-Navigator-Lift-Away-Professional-NV356E/dp/B005KMDV9A/\" target=\"_blank\" rel=\"noopener\">Shark Navigator Lift-Away Professional NV356E</a>&nbsp;can be used to suck up house centipedes that are hard to reach by any other method.</li>\r\n<li style=\"box-sizing: border-box; margin: 0px 0px 0.625rem; padding: 0px; border: 0px; font-style: inherit; font-variant: inherit; font-weight: inherit; font-stretch: inherit; line-height: 2.0625rem; font-family: inherit; font-size: 1.3125rem; vertical-align: baseline;\"><span style=\"box-sizing: border-box; margin: 0px; padding: 0px; border: 0px; font-style: inherit; font-variant: inherit; font-weight: 900; font-stretch: inherit; line-height: inherit; font-family: inherit; vertical-align: baseline;\">Sticky trap.&nbsp;</span>Sticky traps like the&nbsp;<a style=\"box-sizing: border-box; margin: 0px; padding: 0px; border: 0px; font-style: inherit; font-variant: inherit; font-stretch: inherit; line-height: inherit; font-family: inherit; vertical-align: baseline; transition: color 0.25s ease 0s;\" href=\"https://www.amazon.com/Trapper-Insect-Great-Spiders-Cockroaches/dp/B002Y6JHES/\" target=\"_blank\" rel=\"noopener\">Trapper Insect Trap</a>&nbsp;placed strategically around your home can catch house centipedes when they come out to hunt for food.</li>\r\n<li style=\"box-sizing: border-box; margin: 0px 0px 0.625rem; padding: 0px; border: 0px; font-style: inherit; font-variant: inherit; font-weight: inherit; font-stretch: inherit; line-height: 2.0625rem; font-family: inherit; font-size: 1.3125rem; vertical-align: baseline;\"><span style=\"box-sizing: border-box; margin: 0px; padding: 0px; border: 0px; font-style: inherit; font-variant: inherit; font-weight: 900; font-stretch: inherit; line-height: inherit; font-family: inherit; vertical-align: baseline;\">Pesticide spray.&nbsp;</span>You can use a pesticide spray like&nbsp;<a style=\"box-sizing: border-box; margin: 0px; padding: 0px; border: 0px; font-style: inherit; font-variant: inherit; font-stretch: inherit; line-height: inherit; font-family: inherit; vertical-align: baseline; transition: color 0.25s ease 0s;\" href=\"https://www.amazon.com/Ortho-Perimeter-24-Ounce-Stinkbug-Centipede/dp/B00EE4E1RQ/\" target=\"_blank\" rel=\"noopener\">Ortho Home Defense Insect Killer</a>&nbsp;to eliminate house centipedes and protect your home from re-infestation.</li>\r\n<li style=\"box-sizing: border-box; margin: 0px 0px 0.625rem; padding: 0px; border: 0px; font-style: inherit; font-variant: inherit; font-weight: inherit; font-stretch: inherit; line-height: 2.0625rem; font-family: inherit; font-size: 1.3125rem; vertical-align: baseline;\"><span style=\"box-sizing: border-box; margin: 0px; padding: 0px; border: 0px; font-style: inherit; font-variant: inherit; font-weight: 900; font-stretch: inherit; line-height: inherit; font-family: inherit; vertical-align: baseline;\">Pesticide granules.&nbsp;</span>Pesticide granules like&nbsp;<a style=\"box-sizing: border-box; margin: 0px; padding: 0px; border: 0px; font-style: inherit; font-variant: inherit; font-stretch: inherit; line-height: inherit; font-family: inherit; vertical-align: baseline; transition: color 0.25s ease 0s;\" href=\"https://www.amazon.com/Ortho-Defense-Granules-2-5-Pound-Centipede/dp/B000BPF27A/\" target=\"_blank\" rel=\"noopener\">Ortho Home Defense Insect Killer Granules</a>&nbsp;can be spread throughout the exterior of your home and kill house centipedes that are looking for a way inside.&nbsp;<span style=\"box-sizing: border-box; margin: 0px; padding: 0px; border: 0px; font-style: inherit; font-variant: inherit; font-weight: 900; font-stretch: inherit; line-height: inherit; font-family: inherit; vertical-align: baseline;\">&nbsp;</span></li>\r\n</ul>\r\n<h2 style=\"box-sizing: border-box; margin: 0px 0px 1.875rem; padding: 0px; border: 0px; font-style: inherit; font-variant: inherit; font-stretch: inherit; line-height: 2rem; font-family: \'RV Montserrat\', helvetica, sans-serif; font-size: 1.875rem; vertical-align: baseline; color: #424242;\">Don&rsquo;t want to use chemical cleaners? Here&rsquo;s how to get rid of house centipedes naturally</h2>\r\n<p style=\"box-sizing: border-box; margin: 0px 0px 1.875rem; padding: 0px; border: 0px; font-style: inherit; font-variant: inherit; font-stretch: inherit; line-height: 2.0625rem; font-size: 1.3125rem; vertical-align: baseline;\">Learning how to get rid of centipedes naturally is not complicated. You start by removing the elements in your home that allow them to thrive, including damp areas and other pests. Once you are sure that you have eliminated the ideal environment for house centipedes so they won&rsquo;t return, you can start getting rid of the ones that are currently in your home.</p>\r\n<p style=\"box-sizing: border-box; margin: 0px 0px 1.875rem; padding: 0px; border: 0px; font-style: inherit; font-variant: inherit; font-stretch: inherit; line-height: 2.0625rem; font-size: 1.3125rem; vertical-align: baseline;\">A high-powered vacuum and homemade sticky traps are two natural and easy ways to get rid of house centipedes without using chemical pesticides. Use your vacuum to clean areas that are hard to access and often get overlooked&mdash;these are ideal places for house centipedes. You can make homemade sticky traps by putting a layer of petroleum jelly on heavy paper or cardboard. Place the traps near areas where house centipedes are likely to be in order to catch and remove the pest.</p>\r\n<h2 style=\"box-sizing: border-box; margin: 0px 0px 1.875rem; padding: 0px; border: 0px; font-style: inherit; font-variant: inherit; font-stretch: inherit; line-height: 2rem; font-family: \'RV Montserrat\', helvetica, sans-serif; font-size: 1.875rem; vertical-align: baseline; color: #424242;\">When to call a professional exterminator to treat house centipedes</h2>\r\n<p style=\"box-sizing: border-box; margin: 0px 0px 1.875rem; padding: 0px; border: 0px; font-style: inherit; font-variant: inherit; font-stretch: inherit; line-height: 2.0625rem; font-size: 1.3125rem; vertical-align: baseline;\">There are two situations when you should call a professional exterminator to treat house centipedes: when your efforts to eradicate them have failed, or when it becomes clear that their presence is a sign of another pest infestation. A stubborn house centipede infestation can be difficult to eliminate completely without professional help. When your centipede infestation points to another type of pest in your home, you should bring in help to ensure that you eliminate any and all pests.</p>\r\n<h2 style=\"box-sizing: border-box; margin: 0px 0px 1.875rem; padding: 0px; border: 0px; font-style: inherit; font-variant: inherit; font-stretch: inherit; line-height: 2rem; font-family: \'RV Montserrat\', helvetica, sans-serif; font-size: 1.875rem; vertical-align: baseline; color: #424242;\">How to keep house centipedes out of your house</h2>\r\n<p style=\"box-sizing: border-box; margin: 0px 0px 1.875rem; padding: 0px; border: 0px; font-style: inherit; font-variant: inherit; font-stretch: inherit; line-height: 2.0625rem; font-size: 1.3125rem; vertical-align: baseline;\">Figuring out how to get rid of house centipedes and keep them out involves looking at the environment inside your home. Do you have damp, dark areas where house centipedes can hide? Are there other pests inside your home that house centipedes can feed on? If you answered yes to either question, the most important step you can take is to address the issues that are attracting house centipedes into your home.</p>\r\n<h2 style=\"box-sizing: border-box; margin: 0px 0px 1.875rem; padding: 0px; border: 0px; font-style: inherit; font-variant: inherit; font-stretch: inherit; line-height: 2rem; font-family: \'RV Montserrat\', helvetica, sans-serif; font-size: 1.875rem; vertical-align: baseline; color: #424242;\">The bottom line on house centipedes</h2>\r\n<p style=\"box-sizing: border-box; margin: 0px 0px 1.875rem; padding: 0px; border: 0px; font-style: inherit; font-variant: inherit; font-stretch: inherit; line-height: 2.0625rem; font-size: 1.3125rem; vertical-align: baseline;\">The house centipede can be a scary sight for homeowners, and your first question may be, &ldquo;Do centipedes bite?&rdquo; Yes, house centipedes can bite and leave you with two red marks and localized pain. Fortunately, house centipede bites are uncommon and rarely cause any serious issues.</p>\r\n<p style=\"box-sizing: border-box; margin: 0px 0px 1.875rem; padding: 0px; border: 0px; font-style: inherit; font-variant: inherit; font-stretch: inherit; line-height: 2.0625rem; font-size: 1.3125rem; vertical-align: baseline;\">These pests are much more interested in feeding on other types of pests. House centipedes spend days in dark, damp places and come out at night in search of other pests to eat, such as roaches, spiders, and silverfish. A house centipede infestation can point to issues with the pests that are their food supply. You can deal with house centipedes on your own with natural and chemical options or bring in the help of a pest control pro.</p>\r\n<h2 style=\"box-sizing: border-box; margin: 0px 0px 1.875rem; padding: 0px; border: 0px; font-style: inherit; font-variant: inherit; font-stretch: inherit; line-height: 2rem; font-family: \'RV Montserrat\', helvetica, sans-serif; font-size: 1.875rem; vertical-align: baseline; color: #424242;\">Frequently Asked Questions</h2>\r\n<p style=\"box-sizing: border-box; margin: 0px 0px 1.875rem; padding: 0px; border: 0px; font-style: inherit; font-variant: inherit; font-stretch: inherit; line-height: 2.0625rem; font-size: 1.3125rem; vertical-align: baseline;\"><span style=\"box-sizing: border-box; margin: 0px; padding: 0px; border: 0px; font-style: inherit; font-variant: inherit; font-weight: 900; font-stretch: inherit; line-height: inherit; font-family: inherit; vertical-align: baseline;\">Are house centipedes poisonous?</span></p>\r\n<p style=\"box-sizing: border-box; margin: 0px 0px 1.875rem; padding: 0px; border: 0px; font-style: inherit; font-variant: inherit; font-stretch: inherit; line-height: 2.0625rem; font-size: 1.3125rem; vertical-align: baseline;\">You do not have to worry about house centipedes being poisonous unless you plan on eating them as an exotic snack. You may, however, be worried that this pest is venomous.&nbsp;<a style=\"box-sizing: border-box; margin: 0px; padding: 0px; border: 0px; font-style: inherit; font-variant: inherit; font-stretch: inherit; line-height: inherit; font-family: inherit; vertical-align: baseline; transition: color 0.25s ease 0s;\" href=\"https://ento.psu.edu/extension/factsheets/house-centipedes\" target=\"_blank\" rel=\"noopener\">Experts at Penn State</a>&nbsp;point out that this pest does have venom but rarely causes any significant problems for humans who get bit.</p>\r\n<p style=\"box-sizing: border-box; margin: 0px 0px 1.875rem; padding: 0px; border: 0px; font-style: inherit; font-variant: inherit; font-stretch: inherit; line-height: 2.0625rem; font-size: 1.3125rem; vertical-align: baseline;\"><span style=\"box-sizing: border-box; margin: 0px; padding: 0px; border: 0px; font-style: inherit; font-variant: inherit; font-weight: 900; font-stretch: inherit; line-height: inherit; font-family: inherit; vertical-align: baseline;\">Do house centipedes have 100 legs?</span></p>\r\n<p style=\"box-sizing: border-box; margin: 0px 0px 1.875rem; padding: 0px; border: 0px; font-style: inherit; font-variant: inherit; font-stretch: inherit; line-height: 2.0625rem; font-size: 1.3125rem; vertical-align: baseline;\">Female house centipedes have 15 pairs of legs.</p>\r\n<p style=\"box-sizing: border-box; margin: 0px 0px 1.875rem; padding: 0px; border: 0px; font-style: inherit; font-variant: inherit; font-stretch: inherit; line-height: 2.0625rem; font-size: 1.3125rem; vertical-align: baseline;\"><span style=\"box-sizing: border-box; margin: 0px; padding: 0px; border: 0px; font-style: inherit; font-variant: inherit; font-weight: 900; font-stretch: inherit; line-height: inherit; font-family: inherit; vertical-align: baseline;\">Who can help me deal with a house centipede infestation?</span></p>\r\n<p style=\"box-sizing: border-box; margin: 0px 0px 1.875rem; padding: 0px; border: 0px; font-style: inherit; font-variant: inherit; font-stretch: inherit; line-height: 2.0625rem; font-size: 1.3125rem; vertical-align: baseline;\">Look to local pest control pros for help eradicating house centipedes from your home. Options for killing off some other types of pests can also be successful in eliminating house centipedes.</p>\r\n<p style=\"box-sizing: border-box; margin: 0px 0px 1.875rem; padding: 0px; border: 0px; font-style: inherit; font-variant: inherit; font-stretch: inherit; line-height: 2.0625rem; font-size: 1.3125rem; vertical-align: baseline;\"><span style=\"box-sizing: border-box; margin: 0px; padding: 0px; border: 0px; font-style: inherit; font-variant: inherit; font-weight: 900; font-stretch: inherit; line-height: inherit; font-family: inherit; vertical-align: baseline;\">What&rsquo;s my first step if I want to get professional help dealing with house centipedes?</span></p>\r\n<p style=\"box-sizing: border-box; margin: 0px 0px 1.875rem; padding: 0px; border: 0px; font-style: inherit; font-variant: inherit; font-stretch: inherit; line-height: 2.0625rem; font-size: 1.3125rem; vertical-align: baseline;\">Call a local pest pro and schedule a pest inspection for your home.</p>\r\n<p style=\"box-sizing: border-box; margin: 0px 0px 1.875rem; padding: 0px; border: 0px; font-style: inherit; font-variant: inherit; font-stretch: inherit; line-height: 2.0625rem; font-size: 1.3125rem; vertical-align: baseline;\">&nbsp;</p>\r\n</div>\r\n<div class=\"post__content\" style=\"box-sizing: border-box; margin: 0px auto; padding: 0px; border: 0px; font-variant-numeric: inherit; font-variant-east-asian: inherit; font-stretch: inherit; line-height: 2.0625rem; font-family: \'Source Serif Pro\', georgia, sans-serif; font-size: 1.3125rem; vertical-align: baseline; max-width: 41.875rem; color: #212121;\"><hr style=\"box-sizing: border-box;\" />\r\n<div class=\"post__author-details\" style=\"box-sizing: border-box; margin: 1.375rem 0px 0px; padding: 0px; border: 0px; font-style: inherit; font-variant: inherit; font-weight: inherit; font-stretch: inherit; line-height: inherit; font-family: inherit; vertical-align: baseline; display: flex;\">\r\n<div class=\"post__author-description\" style=\"box-sizing: border-box; margin: 0px 0px 1.875rem; padding: 0px; border: 0px; font-style: italic; font-variant: inherit; font-weight: inherit; font-stretch: inherit; line-height: 2.0625rem; font-family: inherit; font-size: 1.3125rem; vertical-align: baseline;\">Darisse spends her days creating content and marketing plans for a wide array of clients. She\'s dedicated to training others to build a flexible and lucrative career from home through writing and entrepreneurship. You can see more examples of her work, check out training materials, and read the blog on her website at theresaplaceintheworld.com.</div>\r\n</div>\r\n</div>', '2020-08-30 00:46:00', '2020-09-05 20:35:13', '2020-08-30');
INSERT INTO `news` (`id`, `image`, `title`, `content`, `description`, `created_at`, `updated_at`, `date`) VALUES
(26, 'news\\September2020\\GqzIRskIaelXK1GBRvJ9.jpg', 'DIY Stump Removal: Tips and Tricks', 'Did you have to cut down a tree from your yard due to a storm, natural disaster, root growth, or an infestation? The tree stumps left behind can be an eyesore. If youve got some free time and dont mind flexing your muscles to get the job done, you can avoid costly stump removal services and take care of the project yourself.', '<p>&nbsp; &nbsp; &nbsp; &nbsp; &nbsp; &nbsp; &nbsp; &nbsp; &nbsp; &nbsp; &nbsp; &nbsp; &nbsp; &nbsp; &nbsp; &nbsp; &nbsp; &nbsp; &nbsp; &nbsp; &nbsp; &nbsp; &nbsp;<img src=\"http://localhost/Shopping-FPT/public//storage/news/September2020/GqzIRskIaelXK1GBRvJ91.jpg\" alt=\"\" width=\"740\" height=\"493\" /></p>\r\n<div id=\"contentContainer\" class=\"post__content\" style=\"box-sizing: border-box; margin: 0px auto; padding: 0px; border: 0px; font-style: normal; font-variant-ligatures: normal; font-variant-caps: normal; font-variant-numeric: inherit; font-variant-east-asian: inherit; font-weight: 400; font-stretch: inherit; line-height: 2.0625rem; font-family: \'Source Serif Pro\', georgia, sans-serif; font-size: 1.3125rem; vertical-align: baseline; max-width: 41.875rem; color: #212121; letter-spacing: normal; orphans: 2; text-align: start; text-indent: 0px; text-transform: none; white-space: normal; widows: 2; word-spacing: 0px; -webkit-text-stroke-width: 0px; background-color: #ffffff; text-decoration-style: initial; text-decoration-color: initial;\">\r\n<p style=\"box-sizing: border-box; margin: 0px 0px 1.875rem; padding: 0px; border: 0px; font-style: inherit; font-variant: inherit; font-weight: 400; font-stretch: inherit; line-height: 2.0625rem; font-family: \'Source Serif Pro\', georgia, sans-serif; font-size: 1.3125rem; vertical-align: baseline;\">Did you have to cut down a tree from your yard due to a storm, natural disaster, root growth, or an infestation? The tree stumps left behind can be an eyesore. If you&rsquo;ve got some free time and don&rsquo;t mind flexing your muscles to get the job done, you can avoid costly stump removal services and take care of the project yourself.</p>\r\n<p style=\"box-sizing: border-box; margin: 0px 0px 1.875rem; padding: 0px; border: 0px; font-style: inherit; font-variant: inherit; font-weight: 400; font-stretch: inherit; line-height: 2.0625rem; font-family: \'Source Serif Pro\', georgia, sans-serif; font-size: 1.3125rem; vertical-align: baseline;\">While there is more than one stump&nbsp;<a style=\"box-sizing: border-box; margin: 0px; padding: 0px; border: 0px; font-style: inherit; font-variant: inherit; font-weight: 400; font-stretch: inherit; line-height: inherit; font-family: inherit; font-size: 21px; vertical-align: baseline; transition: color 0.25s ease 0s; color: inherit; text-decoration: underline;\" href=\"https://www.nycgovparks.org/services/forestry/dead-tree-removal\" target=\"_blank\" rel=\"noopener\">removal process</a>, the following guide shows you the easiest way to get it done yourself. Before putting your saw to wood, make sure you&rsquo;re wearing proper safety equipment and clothing. This includes safety glasses, safety gloves, earplugs, long trousers, a jacket, and proper boots. Consult with a&nbsp;<a style=\"box-sizing: border-box; margin: 0px; padding: 0px; border: 0px; font-style: inherit; font-variant: inherit; font-weight: 400; font-stretch: inherit; line-height: inherit; font-family: inherit; font-size: 21px; vertical-align: baseline; transition: color 0.25s ease 0s; color: inherit; text-decoration: underline;\" href=\"https://www.lowes.com/n/how-to/operate-a-chainsaw\" target=\"_blank\" rel=\"noopener\">local home improvement expert</a>&nbsp;if you&rsquo;re unsure about proper chainsaw operation and safety procedures.</p>\r\n</div>\r\n<h2 style=\"box-sizing: border-box; margin: 0px 0px 1.875rem; padding: 0px; border: 0px; font-style: inherit; font-variant: inherit; font-weight: bold; font-stretch: inherit; line-height: 2rem; font-family: \'RV Montserrat\', helvetica, sans-serif; font-size: 1.875rem; vertical-align: baseline; color: #424242;\">&nbsp; &nbsp; &nbsp; &nbsp; &nbsp; &nbsp; &nbsp; &nbsp; &nbsp; &nbsp; &nbsp;8 steps to DIY stump removal</h2>\r\n<h3 style=\"box-sizing: border-box; margin: 0px 0px 1.5625rem; padding: 0px; border: 0px; font-style: inherit; font-variant: inherit; font-weight: bold; font-stretch: inherit; line-height: 2rem; font-family: \'RV Montserrat\', helvetica, sans-serif; font-size: 1.3125rem; vertical-align: baseline; color: #424242;\">&nbsp; &nbsp; &nbsp; &nbsp; &nbsp; &nbsp; &nbsp; &nbsp; &nbsp; &nbsp; &nbsp; &nbsp; &nbsp; &nbsp; &nbsp; Step 1: Cut down as much of the tree stump as you can</h3>\r\n<div class=\"post__content\" style=\"box-sizing: border-box; margin: 0px auto; padding: 0px; border: 0px; font-style: normal; font-variant-ligatures: normal; font-variant-caps: normal; font-variant-numeric: inherit; font-variant-east-asian: inherit; font-weight: 400; font-stretch: inherit; line-height: 2.0625rem; font-family: \'Source Serif Pro\', georgia, sans-serif; font-size: 1.3125rem; vertical-align: baseline; max-width: 41.875rem; color: #212121; letter-spacing: normal; orphans: 2; text-align: start; text-indent: 0px; text-transform: none; white-space: normal; widows: 2; word-spacing: 0px; -webkit-text-stroke-width: 0px; background-color: #ffffff; text-decoration-style: initial; text-decoration-color: initial;\">\r\n<p style=\"box-sizing: border-box; margin: 0px 0px 1.875rem; padding: 0px; border: 0px; font-style: inherit; font-variant: inherit; font-weight: 400; font-stretch: inherit; line-height: 2.0625rem; font-family: \'Source Serif Pro\', georgia, sans-serif; font-size: 1.3125rem; vertical-align: baseline;\">Cut down the stump as low as you can. The only way to really do this effectively is with a chainsaw. We recommend wearing steel-toed boots, work gloves, earplugs, and eye protection while using a chainsaw.</p>\r\n</div>\r\n<h3 style=\"box-sizing: border-box; margin: 1.5625rem 0px; padding: 0px; border: 0px; font-style: inherit; font-variant: inherit; font-weight: bold; font-stretch: inherit; line-height: 2rem; font-family: \'RV Montserrat\', helvetica, sans-serif; font-size: 1.3125rem; vertical-align: baseline; color: #424242;\">&nbsp; &nbsp; &nbsp; &nbsp; &nbsp; &nbsp; &nbsp; &nbsp; &nbsp; &nbsp; &nbsp; &nbsp; &nbsp; &nbsp; &nbsp; Step 2: Drill holes into the remainder of the stump</h3>\r\n<div class=\"post__content\" style=\"box-sizing: border-box; margin: 0px auto; padding: 0px; border: 0px; font-style: normal; font-variant-ligatures: normal; font-variant-caps: normal; font-variant-numeric: inherit; font-variant-east-asian: inherit; font-weight: 400; font-stretch: inherit; line-height: 2.0625rem; font-family: \'Source Serif Pro\', georgia, sans-serif; font-size: 1.3125rem; vertical-align: baseline; max-width: 41.875rem; color: #212121; letter-spacing: normal; orphans: 2; text-align: start; text-indent: 0px; text-transform: none; white-space: normal; widows: 2; word-spacing: 0px; -webkit-text-stroke-width: 0px; background-color: #ffffff; text-decoration-style: initial; text-decoration-color: initial;\">\r\n<p style=\"box-sizing: border-box; margin: 0px 0px 1.875rem; padding: 0px; border: 0px; font-style: inherit; font-variant: inherit; font-weight: 400; font-stretch: inherit; line-height: 2.0625rem; font-family: \'Source Serif Pro\', georgia, sans-serif; font-size: 1.3125rem; vertical-align: baseline;\">Drill from the top down, with every hole about 2 to 3 inches apart and about 8 to 10 inches deep. Drill holes from the sides of the stump as well, aiming to intersect with the holes coming down from the top. Make sure to use a drill bit that&rsquo;s 3/8 of an inch in diameter.</p>\r\n</div>\r\n<h3 style=\"box-sizing: border-box; margin: 1.5625rem 0px; padding: 0px; border: 0px; font-style: inherit; font-variant: inherit; font-weight: bold; font-stretch: inherit; line-height: 2rem; font-family: \'RV Montserrat\', helvetica, sans-serif; font-size: 1.3125rem; vertical-align: baseline; color: #424242;\">&nbsp; &nbsp; &nbsp; &nbsp; &nbsp; &nbsp; &nbsp; &nbsp; &nbsp; &nbsp; &nbsp; &nbsp; &nbsp; &nbsp; &nbsp; Step 3: Apply the chemicals</h3>\r\n<div class=\"post__content\" style=\"box-sizing: border-box; margin: 0px auto; padding: 0px; border: 0px; font-style: normal; font-variant-ligatures: normal; font-variant-caps: normal; font-variant-numeric: inherit; font-variant-east-asian: inherit; font-weight: 400; font-stretch: inherit; line-height: 2.0625rem; font-family: \'Source Serif Pro\', georgia, sans-serif; font-size: 1.3125rem; vertical-align: baseline; max-width: 41.875rem; color: #212121; letter-spacing: normal; orphans: 2; text-align: start; text-indent: 0px; text-transform: none; white-space: normal; widows: 2; word-spacing: 0px; -webkit-text-stroke-width: 0px; background-color: #ffffff; text-decoration-style: initial; text-decoration-color: initial;\">\r\n<p style=\"box-sizing: border-box; margin: 0px 0px 1.875rem; padding: 0px; border: 0px; font-style: inherit; font-variant: inherit; font-weight: 400; font-stretch: inherit; line-height: 2.0625rem; font-family: \'Source Serif Pro\', georgia, sans-serif; font-size: 1.3125rem; vertical-align: baseline;\">Once you&rsquo;re done drilling the holes, pour the stump removal chemicals down each of the top holes. When choosing a tree stump removal chemical, fine granules are much easier to use. Products that come in powder form tend to clog at the very top of the holes, while&nbsp;<a style=\"box-sizing: border-box; margin: 0px; padding: 0px; border: 0px; font-style: inherit; font-variant: inherit; font-weight: 400; font-stretch: inherit; line-height: inherit; font-family: inherit; font-size: 21px; vertical-align: baseline; transition: color 0.25s ease 0s; color: inherit; text-decoration: underline;\" href=\"https://www.amazon.com/Spectracide-Stump-Remover-Granules-1-Pound/dp/B004GVYXKC/ref=sr_1_5?crid=1D0P3E6TT2WQ3&amp;keywords=bromide+stump-out&amp;qid=1585611997&amp;sprefix=bromide+stump%2Caps%2C225&amp;sr=8-5\" target=\"_blank\" rel=\"noopener\">products made with fine granules</a>&nbsp;usually roll right down to the bottom.</p>\r\n</div>\r\n<h3 style=\"box-sizing: border-box; margin: 1.5625rem 0px; padding: 0px; border: 0px; font-style: inherit; font-variant: inherit; font-weight: bold; font-stretch: inherit; line-height: 2rem; font-family: \'RV Montserrat\', helvetica, sans-serif; font-size: 1.3125rem; vertical-align: baseline; color: #424242;\">&nbsp; &nbsp; &nbsp; &nbsp; &nbsp; &nbsp; &nbsp; &nbsp; &nbsp; &nbsp; &nbsp; &nbsp; &nbsp; &nbsp; &nbsp; Step 4: Pour water into the holes</h3>\r\n<div class=\"post__content\" style=\"box-sizing: border-box; margin: 0px auto; padding: 0px; border: 0px; font-style: normal; font-variant-ligatures: normal; font-variant-caps: normal; font-variant-numeric: inherit; font-variant-east-asian: inherit; font-weight: 400; font-stretch: inherit; line-height: 2.0625rem; font-family: \'Source Serif Pro\', georgia, sans-serif; font-size: 1.3125rem; vertical-align: baseline; max-width: 41.875rem; color: #212121; letter-spacing: normal; orphans: 2; text-align: start; text-indent: 0px; text-transform: none; white-space: normal; widows: 2; word-spacing: 0px; -webkit-text-stroke-width: 0px; background-color: #ffffff; text-decoration-style: initial; text-decoration-color: initial;\">\r\n<p style=\"box-sizing: border-box; margin: 0px 0px 1.875rem; padding: 0px; border: 0px; font-style: inherit; font-variant: inherit; font-weight: 400; font-stretch: inherit; line-height: 2.0625rem; font-family: \'Source Serif Pro\', georgia, sans-serif; font-size: 1.3125rem; vertical-align: baseline;\">After each hole is filled with a stump removal chemical, add water as per the instructions that come with the chemical you purchased.</p>\r\n<p style=\"box-sizing: border-box; margin: 0px 0px 1.875rem; padding: 0px; border: 0px; font-style: inherit; font-variant: inherit; font-weight: 400; font-stretch: inherit; line-height: 2.0625rem; font-family: \'Source Serif Pro\', georgia, sans-serif; font-size: 1.3125rem; vertical-align: baseline;\"><strong style=\"box-sizing: border-box; margin: 0px; padding: 0px; border: 0px; font-style: inherit; font-variant: inherit; font-weight: 900; font-stretch: inherit; line-height: inherit; font-family: inherit; font-size: 21px; vertical-align: baseline;\">Pro tip:&nbsp;</strong>Pouring too much water can dilute the stump chemicals, which could have a negative impact on how well the product works. Always measure your water precisely and follow the written instructions closely.</p>\r\n</div>\r\n<h3 style=\"box-sizing: border-box; margin: 1.5625rem 0px; padding: 0px; border: 0px; font-style: inherit; font-variant: inherit; font-weight: bold; font-stretch: inherit; line-height: 2rem; font-family: \'RV Montserrat\', helvetica, sans-serif; font-size: 1.3125rem; vertical-align: baseline; color: #424242;\">&nbsp; &nbsp; &nbsp; &nbsp; &nbsp; &nbsp; &nbsp; &nbsp; &nbsp; &nbsp; &nbsp; &nbsp; &nbsp; &nbsp; &nbsp; Step 5: Cover the stump</h3>\r\n<div class=\"post__content\" style=\"box-sizing: border-box; margin: 0px auto; padding: 0px; border: 0px; font-style: normal; font-variant-ligatures: normal; font-variant-caps: normal; font-variant-numeric: inherit; font-variant-east-asian: inherit; font-weight: 400; font-stretch: inherit; line-height: 2.0625rem; font-family: \'Source Serif Pro\', georgia, sans-serif; font-size: 1.3125rem; vertical-align: baseline; max-width: 41.875rem; color: #212121; letter-spacing: normal; orphans: 2; text-align: start; text-indent: 0px; text-transform: none; white-space: normal; widows: 2; word-spacing: 0px; -webkit-text-stroke-width: 0px; background-color: #ffffff; text-decoration-style: initial; text-decoration-color: initial;\">\r\n<p style=\"box-sizing: border-box; margin: 0px 0px 1.875rem; padding: 0px; border: 0px; font-style: inherit; font-variant: inherit; font-weight: 400; font-stretch: inherit; line-height: 2.0625rem; font-family: \'Source Serif Pro\', georgia, sans-serif; font-size: 1.3125rem; vertical-align: baseline;\">The stump removal process usually takes several weeks depending on what chemical is used. To protect children and animals, make sure the stump is covered at all times. Any exposure to the stump without taking precautions could be dangerous. Cover the stump with a tarp and pieces of scrap wood, rocks, or bricks. Periodically check the stump to see how much effect the chemicals have had and that the covering is still in place.</p>\r\n</div>\r\n<h3 style=\"box-sizing: border-box; margin: 1.5625rem 0px; padding: 0px; border: 0px; font-style: inherit; font-variant: inherit; font-weight: bold; font-stretch: inherit; line-height: 2rem; font-family: \'RV Montserrat\', helvetica, sans-serif; font-size: 1.3125rem; vertical-align: baseline; color: #424242;\">&nbsp; &nbsp; &nbsp; &nbsp; &nbsp; &nbsp; &nbsp; &nbsp; &nbsp; &nbsp; &nbsp; &nbsp; &nbsp; &nbsp; &nbsp; Step 6: Soak the stump with kerosene</h3>\r\n<div class=\"post__content\" style=\"box-sizing: border-box; margin: 0px auto; padding: 0px; border: 0px; font-style: normal; font-variant-ligatures: normal; font-variant-caps: normal; font-variant-numeric: inherit; font-variant-east-asian: inherit; font-weight: 400; font-stretch: inherit; line-height: 2.0625rem; font-family: \'Source Serif Pro\', georgia, sans-serif; font-size: 1.3125rem; vertical-align: baseline; max-width: 41.875rem; color: #212121; letter-spacing: normal; orphans: 2; text-align: start; text-indent: 0px; text-transform: none; white-space: normal; widows: 2; word-spacing: 0px; -webkit-text-stroke-width: 0px; background-color: #ffffff; text-decoration-style: initial; text-decoration-color: initial;\">\r\n<p style=\"box-sizing: border-box; margin: 0px 0px 1.875rem; padding: 0px; border: 0px; font-style: inherit; font-variant: inherit; font-weight: 400; font-stretch: inherit; line-height: 2.0625rem; font-family: \'Source Serif Pro\', georgia, sans-serif; font-size: 1.3125rem; vertical-align: baseline;\">Once the stump looks more like a sponge or mulch and breaks apart easily, it&rsquo;s time to break out the kerosene. Soak the stump and let it sit for a few more weeks. Kerosene is used at this point because you won&rsquo;t be able to manually remove the stump in its current state.</p>\r\n</div>\r\n<h3 style=\"box-sizing: border-box; margin: 1.5625rem 0px; padding: 0px; border: 0px; font-style: inherit; font-variant: inherit; font-weight: bold; font-stretch: inherit; line-height: 2rem; font-family: \'RV Montserrat\', helvetica, sans-serif; font-size: 1.3125rem; vertical-align: baseline; color: #424242;\">&nbsp; &nbsp; &nbsp; &nbsp; &nbsp; &nbsp; &nbsp; &nbsp; &nbsp; &nbsp; &nbsp; &nbsp; &nbsp; &nbsp; &nbsp; Step 7: Set the stump on fire</h3>\r\n<div class=\"post__content\" style=\"box-sizing: border-box; margin: 0px auto; padding: 0px; border: 0px; font-style: normal; font-variant-ligatures: normal; font-variant-caps: normal; font-variant-numeric: inherit; font-variant-east-asian: inherit; font-weight: 400; font-stretch: inherit; line-height: 2.0625rem; font-family: \'Source Serif Pro\', georgia, sans-serif; font-size: 1.3125rem; vertical-align: baseline; max-width: 41.875rem; color: #212121; letter-spacing: normal; orphans: 2; text-align: start; text-indent: 0px; text-transform: none; white-space: normal; widows: 2; word-spacing: 0px; -webkit-text-stroke-width: 0px; background-color: #ffffff; text-decoration-style: initial; text-decoration-color: initial;\">\r\n<p style=\"box-sizing: border-box; margin: 0px 0px 1.875rem; padding: 0px; border: 0px; font-style: inherit; font-variant: inherit; font-weight: 400; font-stretch: inherit; line-height: 2.0625rem; font-family: \'Source Serif Pro\', georgia, sans-serif; font-size: 1.3125rem; vertical-align: baseline;\">First, check with your town about any restrictions to open fires in your area. If all is well, it&rsquo;s time to set the stump on fire. After a few weeks, uncover your stump, remove any surrounding debris, and create a ring of rocks or bricks around the stump. Add some kindling if needed and set it on fire. Keep a hose, a fire extinguisher, or baking soda nearby in case the fire spreads too far.</p>\r\n<p style=\"box-sizing: border-box; margin: 0px 0px 1.875rem; padding: 0px; border: 0px; font-style: inherit; font-variant: inherit; font-weight: 400; font-stretch: inherit; line-height: 2.0625rem; font-family: \'Source Serif Pro\', georgia, sans-serif; font-size: 1.3125rem; vertical-align: baseline;\">The fire should go out when the stump is totally gone, leaving only a hole in the ground where it used to be. Be prepared: it can take days for the embers to burn down. Never leave the initial fire unattended and make sure there are no people or animals nearby who could get hurt.</p>\r\n</div>\r\n<h3 style=\"box-sizing: border-box; margin: 1.5625rem 0px; padding: 0px; border: 0px; font-style: inherit; font-variant: inherit; font-weight: bold; font-stretch: inherit; line-height: 2rem; font-family: \'RV Montserrat\', helvetica, sans-serif; font-size: 1.3125rem; vertical-align: baseline; color: #424242;\">&nbsp; &nbsp; &nbsp; &nbsp; &nbsp; &nbsp; &nbsp; &nbsp; &nbsp; &nbsp; &nbsp; &nbsp; &nbsp; &nbsp; &nbsp;Step 8: Fill the hole</h3>\r\n<div class=\"post__content\" style=\"box-sizing: border-box; margin: 0px auto; padding: 0px; border: 0px; font-style: normal; font-variant-ligatures: normal; font-variant-caps: normal; font-variant-numeric: inherit; font-variant-east-asian: inherit; font-weight: 400; font-stretch: inherit; line-height: 2.0625rem; font-family: \'Source Serif Pro\', georgia, sans-serif; font-size: 1.3125rem; vertical-align: baseline; max-width: 41.875rem; color: #212121; letter-spacing: normal; orphans: 2; text-align: start; text-indent: 0px; text-transform: none; white-space: normal; widows: 2; word-spacing: 0px; -webkit-text-stroke-width: 0px; background-color: #ffffff; text-decoration-style: initial; text-decoration-color: initial;\">\r\n<p style=\"box-sizing: border-box; margin: 0px 0px 1.875rem; padding: 0px; border: 0px; font-style: inherit; font-variant: inherit; font-weight: 400; font-stretch: inherit; line-height: 2.0625rem; font-family: \'Source Serif Pro\', georgia, sans-serif; font-size: 1.3125rem; vertical-align: baseline;\">Once the fire is out and the stump is gone, pull out any remaining roots and&nbsp;<a style=\"box-sizing: border-box; margin: 0px; padding: 0px; border: 0px; font-style: inherit; font-variant: inherit; font-weight: 400; font-stretch: inherit; line-height: inherit; font-family: inherit; font-size: 21px; vertical-align: baseline; transition: color 0.25s ease 0s; color: inherit; text-decoration: underline;\" href=\"https://www.mymove.com/lawn-care/guides/types-of-grass/\">fill the hole with sod</a>. Pack the sod firmly and block off the area for another week as a precaution.</p>\r\n</div>\r\n<h2 style=\"box-sizing: border-box; margin: 0px 0px 1.875rem; padding: 0px; border: 0px; font-style: inherit; font-variant: inherit; font-weight: bold; font-stretch: inherit; line-height: 2rem; font-family: \'RV Montserrat\', helvetica, sans-serif; font-size: 1.875rem; vertical-align: baseline; color: #424242;\">&nbsp; &nbsp; &nbsp; &nbsp; &nbsp; &nbsp; &nbsp; &nbsp; &nbsp; &nbsp; Products and tools you&rsquo;ll need for tree stump removal</h2>\r\n<div class=\"post__content\" style=\"box-sizing: border-box; margin: 0px auto; padding: 0px; border: 0px; font-style: normal; font-variant-ligatures: normal; font-variant-caps: normal; font-variant-numeric: inherit; font-variant-east-asian: inherit; font-weight: 400; font-stretch: inherit; line-height: 2.0625rem; font-family: \'Source Serif Pro\', georgia, sans-serif; font-size: 1.3125rem; vertical-align: baseline; max-width: 41.875rem; color: #212121; letter-spacing: normal; orphans: 2; text-align: start; text-indent: 0px; text-transform: none; white-space: normal; widows: 2; word-spacing: 0px; -webkit-text-stroke-width: 0px; background-color: #ffffff; text-decoration-style: initial; text-decoration-color: initial;\">\r\n<ul style=\"box-sizing: border-box; margin: 0px 0px 1.875rem; padding: 0px 0px 0px 1.4375rem; border: 0px; font-style: inherit; font-variant: inherit; font-weight: inherit; font-stretch: inherit; line-height: inherit; font-family: inherit; font-size: 21px; vertical-align: baseline; list-style: disc;\">\r\n<li style=\"box-sizing: border-box; margin: 0px 0px 0.625rem; padding: 0px; border: 0px; font-style: inherit; font-variant: inherit; font-weight: inherit; font-stretch: inherit; line-height: 2.0625rem; font-family: inherit; font-size: 1.3125rem; vertical-align: baseline;\"><a style=\"box-sizing: border-box; margin: 0px; padding: 0px; border: 0px; font-style: inherit; font-variant: inherit; font-weight: 400; font-stretch: inherit; line-height: inherit; font-family: inherit; font-size: 21px; vertical-align: baseline; transition: color 0.25s ease 0s; color: inherit; text-decoration: underline;\" href=\"https://www.amazon.com/BLACK-DECKER-LCS1020-Lithium-Chainsaw/dp/B00OC9WSDC/ref=sr_1_1_sspa?keywords=chainsaw&amp;qid=1585613773&amp;sr=8-1-spons&amp;psc=1&amp;spLa=ZW5jcnlwdGVkUXVhbGlmaWVyPUExSjhLSDE5NjJOSFg1JmVuY3J5cHRlZElkPUEwODQ2MDQ0MjVSREc1MkIxNElKTiZlbmNyeXB0ZWRBZElkPUEwMzM1NjU3Mkk4WURDNFJJTFpCUSZ3aWRnZXROYW1lPXNwX2F0ZiZhY3Rpb249Y2xpY2tSZWRpcmVjdCZkb05vdExvZ0NsaWNrPXRydWU=\" target=\"_blank\" rel=\"noopener\"><strong style=\"box-sizing: border-box; margin: 0px; padding: 0px; border: 0px; font-style: inherit; font-variant: inherit; font-weight: 900; font-stretch: inherit; line-height: inherit; font-family: inherit; font-size: 21px; vertical-align: baseline;\">A chainsaw</strong></a><strong style=\"box-sizing: border-box; margin: 0px; padding: 0px; border: 0px; font-style: inherit; font-variant: inherit; font-weight: 900; font-stretch: inherit; line-height: inherit; font-family: inherit; font-size: 21px; vertical-align: baseline;\">:</strong>&nbsp;You don&rsquo;t need an expensive chainsaw for this job, especially if you&rsquo;re just using it for the first step of the process. A&nbsp;<a style=\"box-sizing: border-box; margin: 0px; padding: 0px; border: 0px; font-style: inherit; font-variant: inherit; font-weight: 400; font-stretch: inherit; line-height: inherit; font-family: inherit; font-size: 21px; vertical-align: baseline; transition: color 0.25s ease 0s; color: inherit; text-decoration: underline;\" href=\"https://www.amazon.com/BLACK-DECKER-LCS1020-Lithium-Chainsaw/dp/B00OC9WSDC/ref=sr_1_1_sspa?keywords=chainsaw&amp;qid=1585613773&amp;sr=8-1-spons&amp;psc=1&amp;spLa=ZW5jcnlwdGVkUXVhbGlmaWVyPUExSjhLSDE5NjJOSFg1JmVuY3J5cHRlZElkPUEwODQ2MDQ0MjVSREc1MkIxNElKTiZlbmNyeXB0ZWRBZElkPUEwMzM1NjU3Mkk4WURDNFJJTFpCUSZ3aWRnZXROYW1lPXNwX2F0ZiZhY3Rpb249Y2xpY2tSZWRpcmVjdCZkb05vdExvZ0NsaWNrPXRydWU=\" target=\"_blank\" rel=\"noopener\">10-inch chainsaw</a>&nbsp;should do the trick.</li>\r\n<li style=\"box-sizing: border-box; margin: 0px 0px 0.625rem; padding: 0px; border: 0px; font-style: inherit; font-variant: inherit; font-weight: inherit; font-stretch: inherit; line-height: 2.0625rem; font-family: inherit; font-size: 1.3125rem; vertical-align: baseline;\"><a style=\"box-sizing: border-box; margin: 0px; padding: 0px; border: 0px; font-style: inherit; font-variant: inherit; font-weight: 400; font-stretch: inherit; line-height: inherit; font-family: inherit; font-size: 21px; vertical-align: baseline; transition: color 0.25s ease 0s; color: inherit; text-decoration: underline;\" href=\"https://www.amazon.com/Speedbor-88716-2000-Shank-Boring/dp/B00004YOAM/ref=sr_1_4?crid=21LQ7KBQTOGOP&amp;keywords=tree+stump+drill+bit&amp;qid=1585614814&amp;sprefix=drill+for+tree+stump%2Caps%2C243&amp;sr=8-4\" target=\"_blank\" rel=\"noopener\"><strong style=\"box-sizing: border-box; margin: 0px; padding: 0px; border: 0px; font-style: inherit; font-variant: inherit; font-weight: 900; font-stretch: inherit; line-height: inherit; font-family: inherit; font-size: 21px; vertical-align: baseline;\">Drill bit</strong></a><strong style=\"box-sizing: border-box; margin: 0px; padding: 0px; border: 0px; font-style: inherit; font-variant: inherit; font-weight: 900; font-stretch: inherit; line-height: inherit; font-family: inherit; font-size: 21px; vertical-align: baseline;\">:</strong>&nbsp;The bit should be long enough to make holes 8 to 10 inches deep and specifically made for wood boring.</li>\r\n<li style=\"box-sizing: border-box; margin: 0px 0px 0.625rem; padding: 0px; border: 0px; font-style: inherit; font-variant: inherit; font-weight: inherit; font-stretch: inherit; line-height: 2.0625rem; font-family: inherit; font-size: 1.3125rem; vertical-align: baseline;\"><a style=\"box-sizing: border-box; margin: 0px; padding: 0px; border: 0px; font-style: inherit; font-variant: inherit; font-weight: 400; font-stretch: inherit; line-height: inherit; font-family: inherit; font-size: 21px; vertical-align: baseline; transition: color 0.25s ease 0s; color: inherit; text-decoration: underline;\" href=\"https://www.amazon.com/DEWALT-DCD791D2-Li-Ion-Brushless-Compact/dp/B0183RLVSQ/ref=sr_1_18?keywords=drill&amp;qid=1585623636&amp;sr=8-18\" target=\"_blank\" rel=\"noopener\"><strong style=\"box-sizing: border-box; margin: 0px; padding: 0px; border: 0px; font-style: inherit; font-variant: inherit; font-weight: 900; font-stretch: inherit; line-height: inherit; font-family: inherit; font-size: 21px; vertical-align: baseline;\">Drill</strong></a><strong style=\"box-sizing: border-box; margin: 0px; padding: 0px; border: 0px; font-style: inherit; font-variant: inherit; font-weight: 900; font-stretch: inherit; line-height: inherit; font-family: inherit; font-size: 21px; vertical-align: baseline;\">:</strong>&nbsp;We advise against buying the cheapest drill you can find. A high quality&nbsp;<a style=\"box-sizing: border-box; margin: 0px; padding: 0px; border: 0px; font-style: inherit; font-variant: inherit; font-weight: 400; font-stretch: inherit; line-height: inherit; font-family: inherit; font-size: 21px; vertical-align: baseline; transition: color 0.25s ease 0s; color: inherit; text-decoration: underline;\" href=\"https://www.amazon.com/DEWALT-DCD791D2-Li-Ion-Brushless-Compact/dp/B0183RLVSQ/ref=sr_1_18?keywords=drill&amp;qid=1585623636&amp;sr=8-18\" target=\"_blank\" rel=\"noopener\">brushless 20-volt drill</a>&nbsp;should do the trick. While you&rsquo;ll need to spend more upfront for a quality drill,&nbsp; you&rsquo;ll be able to use it on various home improvement tasks for years to come.</li>\r\n<li style=\"box-sizing: border-box; margin: 0px 0px 0.625rem; padding: 0px; border: 0px; font-style: inherit; font-variant: inherit; font-weight: inherit; font-stretch: inherit; line-height: 2.0625rem; font-family: inherit; font-size: 1.3125rem; vertical-align: baseline;\"><a style=\"box-sizing: border-box; margin: 0px; padding: 0px; border: 0px; font-style: inherit; font-variant: inherit; font-weight: 400; font-stretch: inherit; line-height: inherit; font-family: inherit; font-size: 21px; vertical-align: baseline; transition: color 0.25s ease 0s; color: inherit; text-decoration: underline;\" href=\"https://www.amazon.com/Ironclad-General-All-Purpose-Performance-Washable/dp/B00004XOH8/ref=sr_1_15?keywords=safety+gloves&amp;qid=1585624015&amp;sr=8-15\" target=\"_blank\" rel=\"noopener\"><strong style=\"box-sizing: border-box; margin: 0px; padding: 0px; border: 0px; font-style: inherit; font-variant: inherit; font-weight: 900; font-stretch: inherit; line-height: inherit; font-family: inherit; font-size: 21px; vertical-align: baseline;\">Safety gloves</strong></a><strong style=\"box-sizing: border-box; margin: 0px; padding: 0px; border: 0px; font-style: inherit; font-variant: inherit; font-weight: 900; font-stretch: inherit; line-height: inherit; font-family: inherit; font-size: 21px; vertical-align: baseline;\">:&nbsp;</strong>A good quality pair of safety gloves are needed when working outside or with power tools.</li>\r\n<li style=\"box-sizing: border-box; margin: 0px 0px 0.625rem; padding: 0px; border: 0px; font-style: inherit; font-variant: inherit; font-weight: inherit; font-stretch: inherit; line-height: 2.0625rem; font-family: inherit; font-size: 1.3125rem; vertical-align: baseline;\"><a style=\"box-sizing: border-box; margin: 0px; padding: 0px; border: 0px; font-style: inherit; font-variant: inherit; font-weight: 400; font-stretch: inherit; line-height: inherit; font-family: inherit; font-size: 21px; vertical-align: baseline; transition: color 0.25s ease 0s; color: inherit; text-decoration: underline;\" href=\"https://www.amazon.com/DEWALT-DPG94-1C-Dominator-SAFETY-Glasses/dp/B002IVTX8E/ref=sr_1_12?keywords=safety+glasses&amp;qid=1585624602&amp;sr=8-12\" target=\"_blank\" rel=\"noopener\"><strong style=\"box-sizing: border-box; margin: 0px; padding: 0px; border: 0px; font-style: inherit; font-variant: inherit; font-weight: 900; font-stretch: inherit; line-height: inherit; font-family: inherit; font-size: 21px; vertical-align: baseline;\">Safety glasses</strong></a><strong style=\"box-sizing: border-box; margin: 0px; padding: 0px; border: 0px; font-style: inherit; font-variant: inherit; font-weight: 900; font-stretch: inherit; line-height: inherit; font-family: inherit; font-size: 21px; vertical-align: baseline;\">:</strong>&nbsp;A pair of safety glasses is especially important when working with chainsaws and any type of chemical.</li>\r\n<li style=\"box-sizing: border-box; margin: 0px 0px 0.625rem; padding: 0px; border: 0px; font-style: inherit; font-variant: inherit; font-weight: inherit; font-stretch: inherit; line-height: 2.0625rem; font-family: inherit; font-size: 1.3125rem; vertical-align: baseline;\"><a style=\"box-sizing: border-box; margin: 0px; padding: 0px; border: 0px; font-style: inherit; font-variant: inherit; font-weight: 400; font-stretch: inherit; line-height: inherit; font-family: inherit; font-size: 21px; vertical-align: baseline; transition: color 0.25s ease 0s; color: inherit; text-decoration: underline;\" href=\"https://www.amazon.com/Flents-Quiet-Contour-Plugs-Pair/dp/B004CZYJLA/ref=sr_1_5?keywords=ear+plugs&amp;qid=1585625941&amp;sr=8-5\" target=\"_blank\" rel=\"noopener\"><strong style=\"box-sizing: border-box; margin: 0px; padding: 0px; border: 0px; font-style: inherit; font-variant: inherit; font-weight: 900; font-stretch: inherit; line-height: inherit; font-family: inherit; font-size: 21px; vertical-align: baseline;\">Earplugs</strong></a><strong style=\"box-sizing: border-box; margin: 0px; padding: 0px; border: 0px; font-style: inherit; font-variant: inherit; font-weight: 900; font-stretch: inherit; line-height: inherit; font-family: inherit; font-size: 21px; vertical-align: baseline;\">:</strong>&nbsp;A good set of earplugs is essential to protect your hearing whiles using the chainsaw. They&rsquo;re relatively cheap and sold in large quantities. Make sure they&rsquo;re specifically made for construction.</li>\r\n<li style=\"box-sizing: border-box; margin: 0px 0px 0.625rem; padding: 0px; border: 0px; font-style: inherit; font-variant: inherit; font-weight: inherit; font-stretch: inherit; line-height: 2.0625rem; font-family: inherit; font-size: 1.3125rem; vertical-align: baseline;\"><a style=\"box-sizing: border-box; margin: 0px; padding: 0px; border: 0px; font-style: inherit; font-variant: inherit; font-weight: 400; font-stretch: inherit; line-height: inherit; font-family: inherit; font-size: 21px; vertical-align: baseline; transition: color 0.25s ease 0s; color: inherit; text-decoration: underline;\" href=\"https://www.amazon.com/s?k=steel-toed+Work+boots&amp;ref=nb_sb_noss_2\" target=\"_blank\" rel=\"noopener\"><strong style=\"box-sizing: border-box; margin: 0px; padding: 0px; border: 0px; font-style: inherit; font-variant: inherit; font-weight: 900; font-stretch: inherit; line-height: inherit; font-family: inherit; font-size: 21px; vertical-align: baseline;\">Work boots</strong></a><strong style=\"box-sizing: border-box; margin: 0px; padding: 0px; border: 0px; font-style: inherit; font-variant: inherit; font-weight: 900; font-stretch: inherit; line-height: inherit; font-family: inherit; font-size: 21px; vertical-align: baseline;\">:</strong>&nbsp;Proper steel-toed work boots need to be worn when removing your stump or during any other heavy-duty projects.</li>\r\n<li style=\"box-sizing: border-box; margin: 0px 0px 0.625rem; padding: 0px; border: 0px; font-style: inherit; font-variant: inherit; font-weight: inherit; font-stretch: inherit; line-height: 2.0625rem; font-family: inherit; font-size: 1.3125rem; vertical-align: baseline;\"><a style=\"box-sizing: border-box; margin: 0px; padding: 0px; border: 0px; font-style: inherit; font-variant: inherit; font-weight: 400; font-stretch: inherit; line-height: inherit; font-family: inherit; font-size: 21px; vertical-align: baseline; transition: color 0.25s ease 0s; color: inherit; text-decoration: underline;\" href=\"https://www.amazon.com/SUNNYSIDE-CORPORATION-700G1-1-Gallon-Kerosene/dp/B000LNWHBQ/ref=sr_1_3?keywords=kerosene&amp;qid=1585623887&amp;sr=8-3\" target=\"_blank\" rel=\"noopener\"><strong style=\"box-sizing: border-box; margin: 0px; padding: 0px; border: 0px; font-style: inherit; font-variant: inherit; font-weight: 900; font-stretch: inherit; line-height: inherit; font-family: inherit; font-size: 21px; vertical-align: baseline;\">Kerosene</strong></a><strong style=\"box-sizing: border-box; margin: 0px; padding: 0px; border: 0px; font-style: inherit; font-variant: inherit; font-weight: 900; font-stretch: inherit; line-height: inherit; font-family: inherit; font-size: 21px; vertical-align: baseline;\">:</strong>&nbsp;At a minimum, one gallon of kerosene is needed, regardless of the brand. The total amount needed will likely depend on the size of the stump, so buy more than you think you&rsquo;ll need.</li>\r\n<li style=\"box-sizing: border-box; margin: 0px 0px 0.625rem; padding: 0px; border: 0px; font-style: inherit; font-variant: inherit; font-weight: inherit; font-stretch: inherit; line-height: 2.0625rem; font-family: inherit; font-size: 1.3125rem; vertical-align: baseline;\"><a style=\"box-sizing: border-box; margin: 0px; padding: 0px; border: 0px; font-style: inherit; font-variant: inherit; font-weight: 400; font-stretch: inherit; line-height: inherit; font-family: inherit; font-size: 21px; vertical-align: baseline; transition: color 0.25s ease 0s; color: inherit; text-decoration: underline;\" href=\"https://www.amazon.com/s?k=tarp&amp;ref=nb_sb_noss_2\" target=\"_blank\" rel=\"noopener\"><strong style=\"box-sizing: border-box; margin: 0px; padding: 0px; border: 0px; font-style: inherit; font-variant: inherit; font-weight: 900; font-stretch: inherit; line-height: inherit; font-family: inherit; font-size: 21px; vertical-align: baseline;\">Tarp</strong></a>: a tarp is needed to cover the stump as it decays.</li>\r\n</ul>\r\n</div>\r\n<h2 style=\"box-sizing: border-box; margin: 0px 0px 1.875rem; padding: 0px; border: 0px; font-style: inherit; font-variant: inherit; font-weight: bold; font-stretch: inherit; line-height: 2rem; font-family: \'RV Montserrat\', helvetica, sans-serif; font-size: 1.875rem; vertical-align: baseline; color: #424242;\"><strong style=\"box-sizing: border-box; margin: 0px; padding: 0px; border: 0px; font-style: inherit; font-variant: inherit; font-weight: 900; font-stretch: inherit; line-height: inherit; font-family: inherit; font-size: 30px; vertical-align: baseline;\">&nbsp; &nbsp; &nbsp; &nbsp; &nbsp; &nbsp; &nbsp; &nbsp; &nbsp; Frequently asked questions</strong></h2>\r\n<div class=\"post__content\" style=\"box-sizing: border-box; margin: 0px auto; padding: 0px; border: 0px; font-variant-numeric: inherit; font-variant-east-asian: inherit; font-weight: 400; font-stretch: inherit; line-height: 2.0625rem; font-family: \'Source Serif Pro\', georgia, sans-serif; font-size: 1.3125rem; vertical-align: baseline; max-width: 41.875rem; color: #212121;\">\r\n<p style=\"box-sizing: border-box; margin: 0px 0px 1.875rem; padding: 0px; border: 0px; font-style: inherit; font-variant: inherit; font-stretch: inherit; line-height: 2.0625rem; font-size: 1.3125rem; vertical-align: baseline;\"><span style=\"box-sizing: border-box; margin: 0px; padding: 0px; border: 0px; font-style: inherit; font-variant: inherit; font-weight: 900; font-stretch: inherit; line-height: inherit; font-family: inherit; vertical-align: baseline;\">Do I need a grinder for DIY stump removal?</span><span style=\"box-sizing: border-box; margin: 0px; padding: 0px; border: 0px; font-style: inherit; font-variant: inherit; font-weight: 900; font-stretch: inherit; line-height: inherit; font-family: inherit; vertical-align: baseline;\"><br style=\"box-sizing: border-box;\" /></span>In some cases, a&nbsp;<a style=\"box-sizing: border-box; margin: 0px; padding: 0px; border: 0px; font-style: inherit; font-variant: inherit; font-stretch: inherit; line-height: inherit; font-family: inherit; vertical-align: baseline; transition: color 0.25s ease 0s;\" href=\"https://www.amazon.com/s?k=stump+grinder&amp;ref=nb_sb_noss_2\" target=\"_blank\" rel=\"noopener\">stump grinder</a>&nbsp;is necessary for the removal of stubborn or very large stumps. This DIY guide recommends a process that does not require a grinder, but you will need to rent or purchase a chainsaw.</p>\r\n<p style=\"box-sizing: border-box; margin: 0px 0px 1.875rem; padding: 0px; border: 0px; font-style: inherit; font-variant: inherit; font-stretch: inherit; line-height: 2.0625rem; font-size: 1.3125rem; vertical-align: baseline;\"><span style=\"box-sizing: border-box; margin: 0px; padding: 0px; border: 0px; font-style: inherit; font-variant: inherit; font-weight: 900; font-stretch: inherit; line-height: inherit; font-family: inherit; vertical-align: baseline;\">How long does it take to remove a tree stump?</span><span style=\"box-sizing: border-box; margin: 0px; padding: 0px; border: 0px; font-style: inherit; font-variant: inherit; font-weight: 900; font-stretch: inherit; line-height: inherit; font-family: inherit; vertical-align: baseline;\"><br style=\"box-sizing: border-box;\" /></span>In this process, the chemical breakdown process usually takes four weeks. An additional two weeks (or more) are needed to allow the kerosene to soak through the stump.</p>\r\n<p style=\"box-sizing: border-box; margin: 0px 0px 1.875rem; padding: 0px; border: 0px; font-style: inherit; font-variant: inherit; font-stretch: inherit; line-height: 2.0625rem; font-size: 1.3125rem; vertical-align: baseline;\"><span style=\"box-sizing: border-box; margin: 0px; padding: 0px; border: 0px; font-style: inherit; font-variant: inherit; font-weight: 900; font-stretch: inherit; line-height: inherit; font-family: inherit; vertical-align: baseline;\">When is the best time of year for stump removal?</span><span style=\"box-sizing: border-box; margin: 0px; padding: 0px; border: 0px; font-style: inherit; font-variant: inherit; font-weight: 900; font-stretch: inherit; line-height: inherit; font-family: inherit; vertical-align: baseline;\"><br style=\"box-sizing: border-box;\" /></span>The best time of year to remove a tree stump is during the winter. The process of removing the stump is more effective in colder soil and the surrounding greenery is less likely to be damaged. Ideally, the process of stump removal should occur immediately after a tree has been cut down regardless of the season.</p>\r\n<p style=\"box-sizing: border-box; margin: 0px 0px 1.875rem; padding: 0px; border: 0px; font-style: inherit; font-variant: inherit; font-stretch: inherit; line-height: 2.0625rem; font-size: 1.3125rem; vertical-align: baseline;\"><span style=\"box-sizing: border-box; margin: 0px; padding: 0px; border: 0px; font-style: inherit; font-variant: inherit; font-weight: 900; font-stretch: inherit; line-height: inherit; font-family: inherit; vertical-align: baseline;\">Do I need a permit from my local city for stump removal DIY projects?</span><span style=\"box-sizing: border-box; margin: 0px; padding: 0px; border: 0px; font-style: inherit; font-variant: inherit; font-weight: 900; font-stretch: inherit; line-height: inherit; font-family: inherit; vertical-align: baseline;\"><br style=\"box-sizing: border-box;\" /></span>In&nbsp;<a style=\"box-sizing: border-box; margin: 0px; padding: 0px; border: 0px; font-style: inherit; font-variant: inherit; font-stretch: inherit; line-height: inherit; font-family: inherit; vertical-align: baseline; transition: color 0.25s ease 0s;\" href=\"https://www.sun-sentinel.com/real-estate/fl-bz-gsinger-col-tree-20170705-story.html\" target=\"_blank\" rel=\"noopener\">most cases</a>, you won&rsquo;t need a permit to remove a stump located on your property &mdash; but play it safe by checking with your local city government first about permits and open fires.</p>\r\n</div>\r\n<div class=\"post__content\" style=\"box-sizing: border-box; margin: 0px auto; padding: 0px; border: 0px; font-variant-numeric: inherit; font-variant-east-asian: inherit; font-weight: 400; font-stretch: inherit; line-height: 2.0625rem; font-family: \'Source Serif Pro\', georgia, sans-serif; font-size: 1.3125rem; vertical-align: baseline; max-width: 41.875rem; color: #212121;\"><hr style=\"box-sizing: border-box;\" />\r\n<div class=\"post__author-details\" style=\"box-sizing: border-box; margin: 1.375rem 0px 0px; padding: 0px; border: 0px; font-style: inherit; font-variant: inherit; font-weight: inherit; font-stretch: inherit; line-height: inherit; font-family: inherit; vertical-align: baseline; display: flex;\">\r\n<div class=\"post__author-description\" style=\"box-sizing: border-box; margin: 0px 0px 1.875rem; padding: 0px; border: 0px; font-style: italic; font-variant: inherit; font-weight: inherit; font-stretch: inherit; line-height: 2.0625rem; font-family: inherit; font-size: 1.3125rem; vertical-align: baseline;\">Trevor Johnson is a California-based freelance writer that specializes in finance, insurance, tech, remodeling, travel, and more. He\'s written for major international brands like Expedia and Yahoo. He is the founder of TrevorJohnson.media and is currently Director of Product Development and Customer Experience for Aspatore Ventures.</div>\r\n</div>\r\n</div>', '2020-08-30 00:51:00', '2020-09-05 20:46:19', '2020-08-31');
INSERT INTO `news` (`id`, `image`, `title`, `content`, `description`, `created_at`, `updated_at`, `date`) VALUES
(27, 'news\\August2020\\OskHPwvYnGhzmmj6bdM6.jpg', 'The Best Edge Painting Tools of 2020', 'Anyone who has ever painted a room knows the difficulty of painting along baseboards and trim. Before the invention of the edge painting tool, the options were tape or time-consuming (often back-breaking) care.', '<p>&nbsp; &nbsp; &nbsp; &nbsp; &nbsp; &nbsp; &nbsp; &nbsp; &nbsp; &nbsp; &nbsp; &nbsp; &nbsp; &nbsp; &nbsp; &nbsp; &nbsp; &nbsp; &nbsp; &nbsp; &nbsp; &nbsp; &nbsp; &nbsp; &nbsp; &nbsp; &nbsp; &nbsp; &nbsp; &nbsp; &nbsp; &nbsp; &nbsp;<img src=\"http://localhost/Shopping-FPT/public//storage/news/September2020/OskHPwvYnGhzmmj6bdM63.jpg\" alt=\"\" width=\"741\" height=\"435\" /></p>\r\n<div id=\"contentContainer\" class=\"post__content\" style=\"box-sizing: border-box; margin: 0px auto; padding: 0px; border: 0px; font-variant-numeric: inherit; font-variant-east-asian: inherit; font-stretch: inherit; line-height: 2.0625rem; font-family: \'Source Serif Pro\', georgia, sans-serif; font-size: 1.3125rem; vertical-align: baseline; max-width: 41.875rem; color: #212121;\">\r\n<p style=\"box-sizing: border-box; margin: 0px 0px 1.875rem; padding: 0px; border: 0px; font-style: inherit; font-variant: inherit; font-stretch: inherit; line-height: 2.0625rem; font-size: 1.3125rem; vertical-align: baseline;\">The apartment life-we know it well. Weekends by the pool. Your neighbors two buildings over who throw the <em style=\"box-sizing: border-box; margin: 0px; padding: 0px; border: 0px; font-variant: inherit; font-weight: inherit; font-stretch: inherit; line-height: inherit; font-family: inherit; vertical-align: baseline;\">best</em>&nbsp;parties (no Uber necessary). Broken faucet? Let the landlord handle it.</p>\r\n<p style=\"box-sizing: border-box; margin: 0px 0px 1.875rem; padding: 0px; border: 0px; font-style: inherit; font-variant: inherit; font-stretch: inherit; line-height: 2.0625rem; font-size: 1.3125rem; vertical-align: baseline;\">Apartment living has its advantages, but sometimes you just need to move on. Whether it&rsquo;s a recent marriage (congratulations!), a new job, or just the accomplishment of a life goal you&rsquo;ve been dreaming about for years, you&rsquo;ve made the down payment, signed all the paperwork, and you&rsquo;re ready (and so excited) to move into your first house.</p>\r\n<p style=\"box-sizing: border-box; margin: 0px 0px 1.875rem; padding: 0px; border: 0px; font-style: inherit; font-variant: inherit; font-stretch: inherit; line-height: 2.0625rem; font-size: 1.3125rem; vertical-align: baseline;\">There are some pretty big differences between living in an apartment complex and living in a home. Luckily, MYMOVE is here to make the transition as easy as possible, with our top 15 tips to make moving into your first house easier.</p>\r\n<h2 id=\"15tipsformovingintoyourfirsthouse\" style=\"box-sizing: border-box; margin: 0px 0px 1.875rem; padding: 0px; border: 0px; font-style: inherit; font-variant: inherit; font-stretch: inherit; line-height: 2rem; font-family: \'RV Montserrat\', helvetica, sans-serif; font-size: 1.875rem; vertical-align: baseline; color: #424242;\">15 Tips for Moving Into your First House:</h2>\r\n<p style=\"box-sizing: border-box; margin: 0px 0px 1.875rem; padding: 0px; border: 0px; font-style: inherit; font-variant: inherit; font-stretch: inherit; line-height: 2.0625rem; font-size: 1.3125rem; vertical-align: baseline;\"><span style=\"box-sizing: border-box; margin: 0px; padding: 0px; border: 0px; font-style: inherit; font-variant: inherit; font-weight: 900; font-stretch: inherit; line-height: inherit; font-family: inherit; vertical-align: baseline;\">1. Handle the Basics</span></p>\r\n<p style=\"box-sizing: border-box; margin: 0px 0px 1.875rem; padding: 0px; border: 0px; font-style: inherit; font-variant: inherit; font-stretch: inherit; line-height: 2.0625rem; font-size: 1.3125rem; vertical-align: baseline;\"><em style=\"box-sizing: border-box; margin: 0px; padding: 0px; border: 0px; font-variant: inherit; font-weight: inherit; font-stretch: inherit; line-height: inherit; font-family: inherit; vertical-align: baseline;\">At least</em>&nbsp;two weeks in advance, make sure you change your address at the&nbsp;<a style=\"box-sizing: border-box; margin: 0px; padding: 0px; border: 0px; font-style: inherit; font-variant: inherit; font-stretch: inherit; line-height: inherit; font-family: inherit; vertical-align: baseline; transition: color 0.25s ease 0s;\" href=\"https://moversguide.usps.com/mgo/disclaimer\" target=\"_blank\" rel=\"noopener\">official USPS website,</a>&nbsp;cancel your utilities and arrange for them to be set up at your new address, and research movers in your area (or decide if you want to move yourself).</p>\r\n<p style=\"box-sizing: border-box; margin: 0px 0px 1.875rem; padding: 0px; border: 0px; font-style: inherit; font-variant: inherit; font-stretch: inherit; line-height: 2.0625rem; font-size: 1.3125rem; vertical-align: baseline;\"><span style=\"box-sizing: border-box; margin: 0px; padding: 0px; border: 0px; font-style: inherit; font-variant: inherit; font-weight: 900; font-stretch: inherit; line-height: inherit; font-family: inherit; vertical-align: baseline;\">2. Get an Inspection</span></p>\r\n<p style=\"box-sizing: border-box; margin: 0px 0px 1.875rem; padding: 0px; border: 0px; font-style: inherit; font-variant: inherit; font-stretch: inherit; line-height: 2.0625rem; font-size: 1.3125rem; vertical-align: baseline;\">Repairs and maintenance now come out of&nbsp;<em style=\"box-sizing: border-box; margin: 0px; padding: 0px; border: 0px; font-variant: inherit; font-weight: inherit; font-stretch: inherit; line-height: inherit; font-family: inherit; vertical-align: baseline;\">your</em>&nbsp;wallet, not your landlord&rsquo;s. Make a list of things you want checked. Stay in the house during the inspection. If anything needs fixing, request the seller takes care of costs prior to closing.</p>\r\n<p style=\"box-sizing: border-box; margin: 0px 0px 1.875rem; padding: 0px; border: 0px; font-style: inherit; font-variant: inherit; font-stretch: inherit; line-height: 2.0625rem; font-size: 1.3125rem; vertical-align: baseline;\"><span style=\"box-sizing: border-box; margin: 0px; padding: 0px; border: 0px; font-style: inherit; font-variant: inherit; font-weight: 900; font-stretch: inherit; line-height: inherit; font-family: inherit; vertical-align: baseline;\">3. Plan for Chores</span></p>\r\n<p style=\"box-sizing: border-box; margin: 0px 0px 1.875rem; padding: 0px; border: 0px; font-style: inherit; font-variant: inherit; font-stretch: inherit; line-height: 2.0625rem; font-size: 1.3125rem; vertical-align: baseline;\">All those duties your landlord once handled are now your responsibility. Start thinking about investing in a lawnmower, weed trimmer, rake, shovel and sprinklers, as well as a tool set to take care of household fixes. Sound expensive? See #4</p>\r\n<p style=\"box-sizing: border-box; margin: 0px 0px 1.875rem; padding: 0px; border: 0px; font-style: inherit; font-variant: inherit; font-stretch: inherit; line-height: 2.0625rem; font-size: 1.3125rem; vertical-align: baseline;\"><span style=\"box-sizing: border-box; margin: 0px; padding: 0px; border: 0px; font-style: inherit; font-variant: inherit; font-weight: 900; font-stretch: inherit; line-height: inherit; font-family: inherit; vertical-align: baseline;\">4. Purge your Possessions</span></p>\r\n<p style=\"box-sizing: border-box; margin: 0px 0px 1.875rem; padding: 0px; border: 0px; font-style: inherit; font-variant: inherit; font-stretch: inherit; line-height: 2.0625rem; font-size: 1.3125rem; vertical-align: baseline;\">Unless you absolutely cannot live without it, a move is a great time to get rid of it. Hold a garage or yard sale for extra cash to finance your move.</p>\r\n<p style=\"box-sizing: border-box; margin: 0px 0px 1.875rem; padding: 0px; border: 0px; font-style: inherit; font-variant: inherit; font-stretch: inherit; line-height: 2.0625rem; font-size: 1.3125rem; vertical-align: baseline;\"><span style=\"box-sizing: border-box; margin: 0px; padding: 0px; border: 0px; font-style: inherit; font-variant: inherit; font-weight: 900; font-stretch: inherit; line-height: inherit; font-family: inherit; vertical-align: baseline;\">5. Furnish your Home with Items that Grow with You</span></p>\r\n<p style=\"box-sizing: border-box; margin: 0px 0px 1.875rem; padding: 0px; border: 0px; font-style: inherit; font-variant: inherit; font-stretch: inherit; line-height: 2.0625rem; font-size: 1.3125rem; vertical-align: baseline;\">Consider the sofa: why skimp on a second-hand option (which, to be honest, doesn&rsquo;t really match your carpet anyway)? Instead, pick up a high-quality sofa that&rsquo;s designed specifically for your living room-and designed to follow you, move after move. Online innovator&nbsp;<a style=\"box-sizing: border-box; margin: 0px; padding: 0px; border: 0px; font-style: inherit; font-variant: inherit; font-stretch: inherit; line-height: inherit; font-family: inherit; vertical-align: baseline; transition: color 0.25s ease 0s;\" href=\"http://www.pntrac.com/t/TUJGRktKTEJGTUlGSU1CRktFS05O\" target=\"_blank\" rel=\"noopener\">Burrow&rsquo;s</a>&nbsp;modular sofas come with your choice of fabrics, legs, arm heights, and lengths. They&rsquo;re completely modular, meaning that if your space changes, your sofa can grow with you. Best of all,&nbsp;<a style=\"box-sizing: border-box; margin: 0px; padding: 0px; border: 0px; font-style: inherit; font-variant: inherit; font-stretch: inherit; line-height: inherit; font-family: inherit; vertical-align: baseline; transition: color 0.25s ease 0s;\" href=\"http://www.pntrac.com/t/TUJGRktKTEJGTUlGSU1CRktFS05O\" target=\"_blank\" rel=\"noopener\">Burrow</a>&nbsp;ships your sofa directly to you, removing all retail markups and over 70% of standard shipping costs. That&rsquo;s over $600 in sofa savings for you-and one less piece of furniture to move.</p>\r\n<p style=\"box-sizing: border-box; margin: 0px 0px 1.875rem; padding: 0px; border: 0px; font-style: inherit; font-variant: inherit; font-stretch: inherit; line-height: 2.0625rem; font-size: 1.3125rem; vertical-align: baseline;\">Shop the Burrow collection&nbsp;<a style=\"box-sizing: border-box; margin: 0px; padding: 0px; border: 0px; font-style: inherit; font-variant: inherit; font-stretch: inherit; line-height: inherit; font-family: inherit; vertical-align: baseline; transition: color 0.25s ease 0s;\" href=\"http://www.pntrac.com/t/TUJGRktKTEJGTUlGSU1CRktFS05O\" target=\"_blank\" rel=\"noopener\">here.</a></p>\r\n<p style=\"box-sizing: border-box; margin: 0px 0px 1.875rem; padding: 0px; border: 0px; font-style: inherit; font-variant: inherit; font-stretch: inherit; line-height: 2.0625rem; font-size: 1.3125rem; vertical-align: baseline;\"><span style=\"box-sizing: border-box; margin: 0px; padding: 0px; border: 0px; font-style: inherit; font-variant: inherit; font-weight: 900; font-stretch: inherit; line-height: inherit; font-family: inherit; vertical-align: baseline;\">6. Clean, Paint, Exterminate, Install</span></p>\r\n<p style=\"box-sizing: border-box; margin: 0px 0px 1.875rem; padding: 0px; border: 0px; font-style: inherit; font-variant: inherit; font-stretch: inherit; line-height: 2.0625rem; font-size: 1.3125rem; vertical-align: baseline;\">Some things are best done without furniture around. Steam clean the carpet, wipe out the cabinets, paint the walls, spray for pests, and plug in power strips before everything&rsquo;s moved in. It will never be this easy again.</p>\r\n<p style=\"box-sizing: border-box; margin: 0px 0px 1.875rem; padding: 0px; border: 0px; font-style: inherit; font-variant: inherit; font-stretch: inherit; line-height: 2.0625rem; font-size: 1.3125rem; vertical-align: baseline;\"><span style=\"box-sizing: border-box; margin: 0px; padding: 0px; border: 0px; font-style: inherit; font-variant: inherit; font-weight: 900; font-stretch: inherit; line-height: inherit; font-family: inherit; vertical-align: baseline;\">7. Pack a &ldquo;First Day Box&rdquo;</span></p>\r\n<p style=\"box-sizing: border-box; margin: 0px 0px 1.875rem; padding: 0px; border: 0px; font-style: inherit; font-variant: inherit; font-stretch: inherit; line-height: 2.0625rem; font-size: 1.3125rem; vertical-align: baseline;\">A shower curtain &amp; rings, toilet paper, lamp, extension cord, dinnerware, paper plates, and trash bags will make your first day and night in your new home easier.</p>\r\n<p style=\"box-sizing: border-box; margin: 0px 0px 1.875rem; padding: 0px; border: 0px; font-style: inherit; font-variant: inherit; font-stretch: inherit; line-height: 2.0625rem; font-size: 1.3125rem; vertical-align: baseline;\"><span style=\"box-sizing: border-box; margin: 0px; padding: 0px; border: 0px; font-style: inherit; font-variant: inherit; font-weight: 900; font-stretch: inherit; line-height: inherit; font-family: inherit; vertical-align: baseline;\">8. Hire Some (Reasonably-Priced) Help</span></p>\r\n<p style=\"box-sizing: border-box; margin: 0px 0px 1.875rem; padding: 0px; border: 0px; font-style: inherit; font-variant: inherit; font-stretch: inherit; line-height: 2.0625rem; font-size: 1.3125rem; vertical-align: baseline;\">Maybe full-service movers were too expensive for your budget, or maybe your friends all bailed at the last minute (<em style=\"box-sizing: border-box; margin: 0px; padding: 0px; border: 0px; font-variant: inherit; font-weight: inherit; font-stretch: inherit; line-height: inherit; font-family: inherit; vertical-align: baseline;\">really,</em>&nbsp;guys?!). Either way, you&rsquo;ve got a truck full of boxes to unload, and you&rsquo;re still not sure how you&rsquo;re going to fit that inconveniently-shaped couch through the door and up the stairs. Don&rsquo;t sweat it.&nbsp;<a style=\"box-sizing: border-box; margin: 0px; padding: 0px; border: 0px; font-style: inherit; font-variant: inherit; font-stretch: inherit; line-height: inherit; font-family: inherit; vertical-align: baseline; transition: color 0.25s ease 0s;\" href=\"https://www.hireahelper.com/move-help/unloading-help/\" target=\"_blank\" rel=\"noopener\">HireAHelper</a>&nbsp;is an affordable service that sends local professional helpers to unload anything you&rsquo;ve got: big or small, from your moving truck or storage container, so you can say goodbye to late-night, last-minute moving stress and focus on the new adventure ahead.</p>\r\n<h2 id=\"afterthemove\" style=\"box-sizing: border-box; margin: 0px 0px 1.875rem; padding: 0px; border: 0px; font-style: inherit; font-variant: inherit; font-stretch: inherit; line-height: 2rem; font-family: \'RV Montserrat\', helvetica, sans-serif; font-size: 1.875rem; vertical-align: baseline; color: #424242;\">After the Move:</h2>\r\n<p style=\"box-sizing: border-box; margin: 0px 0px 1.875rem; padding: 0px; border: 0px; font-style: inherit; font-variant: inherit; font-stretch: inherit; line-height: 2.0625rem; font-size: 1.3125rem; vertical-align: baseline;\"><span style=\"box-sizing: border-box; margin: 0px; padding: 0px; border: 0px; font-style: inherit; font-variant: inherit; font-weight: 900; font-stretch: inherit; line-height: inherit; font-family: inherit; vertical-align: baseline;\">9. Make a Maintenance Checklist</span></p>\r\n<p style=\"box-sizing: border-box; margin: 0px 0px 1.875rem; padding: 0px; border: 0px; font-style: inherit; font-variant: inherit; font-stretch: inherit; line-height: 2.0625rem; font-size: 1.3125rem; vertical-align: baseline;\">It&rsquo;s easy to take for granted everything your apartment complex&rsquo;s maintenance team took care of. Compile a list right from the start, so these chores aren&rsquo;t forgotten later.</p>\r\n<p style=\"box-sizing: border-box; margin: 0px 0px 1.875rem; padding: 0px; border: 0px; font-style: inherit; font-variant: inherit; font-stretch: inherit; line-height: 2.0625rem; font-size: 1.3125rem; vertical-align: baseline;\">Some (nonexhaustive) suggestions:</p>\r\n<p style=\"box-sizing: border-box; margin: 0px 0px 1.875rem; padding: 0px; border: 0px; font-style: inherit; font-variant: inherit; font-stretch: inherit; line-height: 2.0625rem; font-size: 1.3125rem; vertical-align: baseline;\"><span style=\"box-sizing: border-box; margin: 0px; padding: 0px; border: 0px; font-style: inherit; font-variant: inherit; font-weight: 900; font-stretch: inherit; line-height: inherit; font-family: inherit; vertical-align: baseline;\">Monthly</span><br style=\"box-sizing: border-box;\" />&bull; Clean plumbing fixtures<br style=\"box-sizing: border-box;\" />&bull; Clean range hood filter<br style=\"box-sizing: border-box;\" />&bull; Clean garbage disposal<br style=\"box-sizing: border-box;\" />&bull; Inspect fire extinguishers<br style=\"box-sizing: border-box;\" />&bull; Change HVAC filters<br style=\"box-sizing: border-box;\" />&bull; Clean drains</p>\r\n<p style=\"box-sizing: border-box; margin: 0px 0px 1.875rem; padding: 0px; border: 0px; font-style: inherit; font-variant: inherit; font-stretch: inherit; line-height: 2.0625rem; font-size: 1.3125rem; vertical-align: baseline;\"><span style=\"box-sizing: border-box; margin: 0px; padding: 0px; border: 0px; font-style: inherit; font-variant: inherit; font-weight: 900; font-stretch: inherit; line-height: inherit; font-family: inherit; vertical-align: baseline;\">Bi-Annually</span><br style=\"box-sizing: border-box;\" />&bull; Deep clean entire home<br style=\"box-sizing: border-box;\" />&bull; Inspect water filtration systems<br style=\"box-sizing: border-box;\" />&bull; Run water in seldom used faucets<br style=\"box-sizing: border-box;\" />&bull; Test carbon monoxide and smoke detectors<br style=\"box-sizing: border-box;\" />&bull; Vacuum refrigerator coils</p>\r\n<p style=\"box-sizing: border-box; margin: 0px 0px 1.875rem; padding: 0px; border: 0px; font-style: inherit; font-variant: inherit; font-stretch: inherit; line-height: 2.0625rem; font-size: 1.3125rem; vertical-align: baseline;\"><span style=\"box-sizing: border-box; margin: 0px; padding: 0px; border: 0px; font-style: inherit; font-variant: inherit; font-weight: 900; font-stretch: inherit; line-height: inherit; font-family: inherit; vertical-align: baseline;\">Annually</span><br style=\"box-sizing: border-box;\" />&bull; Schedule termite inspection<br style=\"box-sizing: border-box;\" />&bull; Check kitchen and bathroom grout and caulking<br style=\"box-sizing: border-box;\" />&bull; Clean patio and porch areas<br style=\"box-sizing: border-box;\" />&bull; Clean out the exterior dryer vent<br style=\"box-sizing: border-box;\" />&bull; Evaluate exterior drainage<br style=\"box-sizing: border-box;\" />&bull; Clean chimney<br style=\"box-sizing: border-box;\" />&bull; Inspect all plumbing<br style=\"box-sizing: border-box;\" />&bull; Inspect home exterior and roof<br style=\"box-sizing: border-box;\" />&bull; Service heating/cooling systems<br style=\"box-sizing: border-box;\" />&bull; Clean gutters</p>\r\n<p style=\"box-sizing: border-box; margin: 0px 0px 1.875rem; padding: 0px; border: 0px; font-style: inherit; font-variant: inherit; font-stretch: inherit; line-height: 2.0625rem; font-size: 1.3125rem; vertical-align: baseline;\"><span style=\"box-sizing: border-box; margin: 0px; padding: 0px; border: 0px; font-style: inherit; font-variant: inherit; font-weight: 900; font-stretch: inherit; line-height: inherit; font-family: inherit; vertical-align: baseline;\">10. Change the Locks</span></p>\r\n<p style=\"box-sizing: border-box; margin: 0px 0px 1.875rem; padding: 0px; border: 0px; font-style: inherit; font-variant: inherit; font-stretch: inherit; line-height: 2.0625rem; font-size: 1.3125rem; vertical-align: baseline;\">You never know how many copies of the keys were in circulation before you got them or who had them. Also consider installing a deadbolt or home security system, and have an extra copy of your key made.</p>\r\n<p style=\"box-sizing: border-box; margin: 0px 0px 1.875rem; padding: 0px; border: 0px; font-style: inherit; font-variant: inherit; font-stretch: inherit; line-height: 2.0625rem; font-size: 1.3125rem; vertical-align: baseline;\"><span style=\"box-sizing: border-box; margin: 0px; padding: 0px; border: 0px; font-style: inherit; font-variant: inherit; font-weight: 900; font-stretch: inherit; line-height: inherit; font-family: inherit; vertical-align: baseline;\">11. Replace your Air Filters</span></p>\r\n<p style=\"box-sizing: border-box; margin: 0px 0px 1.875rem; padding: 0px; border: 0px; font-style: inherit; font-variant: inherit; font-stretch: inherit; line-height: 2.0625rem; font-size: 1.3125rem; vertical-align: baseline;\">It takes about 10 seconds and will not only improve air flow but keep your air system or HVAC from using more energy pumping out lower quality air.</p>\r\n<p style=\"box-sizing: border-box; margin: 0px 0px 1.875rem; padding: 0px; border: 0px; font-style: inherit; font-variant: inherit; font-stretch: inherit; line-height: 2.0625rem; font-size: 1.3125rem; vertical-align: baseline;\"><span style=\"box-sizing: border-box; margin: 0px; padding: 0px; border: 0px; font-style: inherit; font-variant: inherit; font-weight: 900; font-stretch: inherit; line-height: inherit; font-family: inherit; vertical-align: baseline;\">12. Locate your Fuse Box and Main Water Valve</span></p>\r\n<p style=\"box-sizing: border-box; margin: 0px 0px 1.875rem; padding: 0px; border: 0px; font-style: inherit; font-variant: inherit; font-stretch: inherit; line-height: 2.0625rem; font-size: 1.3125rem; vertical-align: baseline;\">Good to know in case of emergencies, or if you&rsquo;re about to fix a power or water issue and need to turn off the electricity or cut off the water supply.</p>\r\n<p style=\"box-sizing: border-box; margin: 0px 0px 1.875rem; padding: 0px; border: 0px; font-style: inherit; font-variant: inherit; font-stretch: inherit; line-height: 2.0625rem; font-size: 1.3125rem; vertical-align: baseline;\"><span style=\"box-sizing: border-box; margin: 0px; padding: 0px; border: 0px; font-style: inherit; font-variant: inherit; font-weight: 900; font-stretch: inherit; line-height: inherit; font-family: inherit; vertical-align: baseline;\">13. Fire Protection</span></p>\r\n<p style=\"box-sizing: border-box; margin: 0px 0px 1.875rem; padding: 0px; border: 0px; font-style: inherit; font-variant: inherit; font-stretch: inherit; line-height: 2.0625rem; font-size: 1.3125rem; vertical-align: baseline;\">Make sure smoke alarms are installed, and make sure they work. If you have a second or third story, consider purchasing a roll-up ladder.</p>\r\n<p style=\"box-sizing: border-box; margin: 0px 0px 1.875rem; padding: 0px; border: 0px; font-style: inherit; font-variant: inherit; font-stretch: inherit; line-height: 2.0625rem; font-size: 1.3125rem; vertical-align: baseline;\"><span style=\"box-sizing: border-box; margin: 0px; padding: 0px; border: 0px; font-style: inherit; font-variant: inherit; font-weight: 900; font-stretch: inherit; line-height: inherit; font-family: inherit; vertical-align: baseline;\">14. Meet the Neighbors</span></p>\r\n<p style=\"box-sizing: border-box; margin: 0px 0px 1.875rem; padding: 0px; border: 0px; font-style: inherit; font-variant: inherit; font-stretch: inherit; line-height: 2.0625rem; font-size: 1.3125rem; vertical-align: baseline;\">Don&rsquo;t be afraid to knock on their door and introduce yourself (also, you can&rsquo;t go wrong with treating them to a batch of freshly-baked cookies). If they&rsquo;re next-door, ask about property lines, and who owns what. You should already have a survey, but it never hurts to make sure their perception conforms to your survey.</p>\r\n<p style=\"box-sizing: border-box; margin: 0px 0px 1.875rem; padding: 0px; border: 0px; font-style: inherit; font-variant: inherit; font-stretch: inherit; line-height: 2.0625rem; font-size: 1.3125rem; vertical-align: baseline;\"><span style=\"box-sizing: border-box; margin: 0px; padding: 0px; border: 0px; font-style: inherit; font-variant: inherit; font-weight: 900; font-stretch: inherit; line-height: inherit; font-family: inherit; vertical-align: baseline;\">15. Explore the &lsquo;hood</span></p>\r\n<p style=\"box-sizing: border-box; margin: 0px 0px 1.875rem; padding: 0px; border: 0px; font-style: inherit; font-variant: inherit; font-stretch: inherit; line-height: 2.0625rem; font-size: 1.3125rem; vertical-align: baseline;\">Drive around. Find a new favorite restaurant. Stay up to date on the local events and happenings by monitoring local websites or, if you&rsquo;re old school, subscribing to local newspapers or magazines. It&rsquo;s the best way to help your new location begin to feel like home.</p>\r\n<p style=\"box-sizing: border-box; margin: 0px 0px 1.875rem; padding: 0px; border: 0px; font-style: inherit; font-variant: inherit; font-stretch: inherit; line-height: 2.0625rem; font-size: 1.3125rem; vertical-align: baseline;\">Now all that&rsquo;s left to do is put together that housewarming party guest list. Welcome to your new home!</p>\r\n</div>\r\n<div class=\"post__content\" style=\"box-sizing: border-box; margin: 0px auto; padding: 0px; border: 0px; font-variant-numeric: inherit; font-variant-east-asian: inherit; font-stretch: inherit; line-height: 2.0625rem; font-family: \'Source Serif Pro\', georgia, sans-serif; font-size: 1.3125rem; vertical-align: baseline; max-width: 41.875rem; color: #212121;\"><hr style=\"box-sizing: border-box;\" />\r\n<div class=\"post__author-details\" style=\"box-sizing: border-box; margin: 1.375rem 0px 0px; padding: 0px; border: 0px; font-style: inherit; font-variant: inherit; font-weight: inherit; font-stretch: inherit; line-height: inherit; font-family: inherit; vertical-align: baseline; display: flex;\">\r\n<div class=\"post__author-description\" style=\"box-sizing: border-box; margin: 0px 0px 1.875rem; padding: 0px; border: 0px; font-style: italic; font-variant: inherit; font-weight: inherit; font-stretch: inherit; line-height: 2.0625rem; font-family: inherit; font-size: 1.3125rem; vertical-align: baseline;\">Marisa is an award-winning marketing professional who loves to write. During the day, she wears her marketing hat in her marketing director role and at night she works as a freelance writer, ghost writing for clients and contributing to publications such as Huffington Post and Social Media Today.</div>\r\n</div>\r\n</div>\r\n<p>&nbsp;</p>', '2020-08-30 00:57:00', '2020-09-05 20:32:35', '2020-08-31');

-- --------------------------------------------------------

--
-- Table structure for table `orders`
--

CREATE TABLE `orders` (
  `id` bigint(20) UNSIGNED NOT NULL,
  `user_id` int(10) UNSIGNED NOT NULL,
  `cart` text COLLATE utf8mb4_unicode_ci NOT NULL,
  `created_at` timestamp NULL DEFAULT NULL,
  `updated_at` timestamp NULL DEFAULT NULL
) ENGINE=InnoDB DEFAULT CHARSET=utf8mb4 COLLATE=utf8mb4_unicode_ci;

--
-- Dumping data for table `orders`
--

INSERT INTO `orders` (`id`, `user_id`, `cart`, `created_at`, `updated_at`) VALUES
(1, 1, 'O:8:\"App\\Cart\":3:{s:5:\"items\";a:3:{i:9;a:5:{s:2:\"id\";i:9;s:5:\"title\";s:19:\"Lighting Chandelier\";s:5:\"price\";i:23;s:3:\"qty\";i:1;s:5:\"image\";s:47:\"products\\September2020\\CKLHmnhjK2fZOsevh399.jpg\";}i:13;a:5:{s:2:\"id\";i:13;s:5:\"title\";s:19:\"Modern Scandinavian\";s:5:\"price\";i:60;s:3:\"qty\";i:1;s:5:\"image\";s:47:\"products\\September2020\\OsbgjwYbCnkge0DBKqWE.jpg\";}i:12;a:5:{s:2:\"id\";i:12;s:5:\"title\";s:14:\"Lighting Glass\";s:5:\"price\";i:125;s:3:\"qty\";i:1;s:5:\"image\";s:47:\"products\\September2020\\quaYXK9SdAaieKZmpkxZ.jpg\";}}s:8:\"totalQty\";i:3;s:10:\"totalPrice\";i:208;}', '2020-09-02 11:52:21', '2020-09-02 11:52:21');

-- --------------------------------------------------------

--
-- Table structure for table `password_resets`
--

CREATE TABLE `password_resets` (
  `email` varchar(191) COLLATE utf8mb4_unicode_ci NOT NULL,
  `token` varchar(191) COLLATE utf8mb4_unicode_ci NOT NULL,
  `created_at` timestamp NULL DEFAULT NULL
) ENGINE=InnoDB DEFAULT CHARSET=utf8mb4 COLLATE=utf8mb4_unicode_ci;

-- --------------------------------------------------------

--
-- Table structure for table `permissions`
--

CREATE TABLE `permissions` (
  `id` bigint(20) UNSIGNED NOT NULL,
  `key` varchar(191) COLLATE utf8mb4_unicode_ci NOT NULL,
  `table_name` varchar(191) COLLATE utf8mb4_unicode_ci DEFAULT NULL,
  `created_at` timestamp NULL DEFAULT NULL,
  `updated_at` timestamp NULL DEFAULT NULL
) ENGINE=InnoDB DEFAULT CHARSET=utf8mb4 COLLATE=utf8mb4_unicode_ci;

--
-- Dumping data for table `permissions`
--

INSERT INTO `permissions` (`id`, `key`, `table_name`, `created_at`, `updated_at`) VALUES
(1, 'browse_admin', NULL, '2020-08-31 12:38:26', '2020-08-31 12:38:26'),
(2, 'browse_bread', NULL, '2020-08-31 12:38:26', '2020-08-31 12:38:26'),
(3, 'browse_database', NULL, '2020-08-31 12:38:26', '2020-08-31 12:38:26'),
(4, 'browse_media', NULL, '2020-08-31 12:38:26', '2020-08-31 12:38:26'),
(5, 'browse_compass', NULL, '2020-08-31 12:38:26', '2020-08-31 12:38:26'),
(6, 'browse_menus', 'menus', '2020-08-31 12:38:26', '2020-08-31 12:38:26'),
(7, 'read_menus', 'menus', '2020-08-31 12:38:26', '2020-08-31 12:38:26'),
(8, 'edit_menus', 'menus', '2020-08-31 12:38:26', '2020-08-31 12:38:26'),
(9, 'add_menus', 'menus', '2020-08-31 12:38:26', '2020-08-31 12:38:26'),
(10, 'delete_menus', 'menus', '2020-08-31 12:38:26', '2020-08-31 12:38:26'),
(11, 'browse_roles', 'roles', '2020-08-31 12:38:26', '2020-08-31 12:38:26'),
(12, 'read_roles', 'roles', '2020-08-31 12:38:26', '2020-08-31 12:38:26'),
(13, 'edit_roles', 'roles', '2020-08-31 12:38:26', '2020-08-31 12:38:26'),
(14, 'add_roles', 'roles', '2020-08-31 12:38:26', '2020-08-31 12:38:26'),
(15, 'delete_roles', 'roles', '2020-08-31 12:38:26', '2020-08-31 12:38:26'),
(16, 'browse_users', 'users', '2020-08-31 12:38:26', '2020-08-31 12:38:26'),
(17, 'read_users', 'users', '2020-08-31 12:38:26', '2020-08-31 12:38:26'),
(18, 'edit_users', 'users', '2020-08-31 12:38:26', '2020-08-31 12:38:26'),
(19, 'add_users', 'users', '2020-08-31 12:38:26', '2020-08-31 12:38:26'),
(20, 'delete_users', 'users', '2020-08-31 12:38:26', '2020-08-31 12:38:26'),
(21, 'browse_settings', 'settings', '2020-08-31 12:38:26', '2020-08-31 12:38:26'),
(22, 'read_settings', 'settings', '2020-08-31 12:38:26', '2020-08-31 12:38:26'),
(23, 'edit_settings', 'settings', '2020-08-31 12:38:26', '2020-08-31 12:38:26'),
(24, 'add_settings', 'settings', '2020-08-31 12:38:26', '2020-08-31 12:38:26'),
(25, 'delete_settings', 'settings', '2020-08-31 12:38:26', '2020-08-31 12:38:26'),
(26, 'browse_hooks', NULL, '2020-08-31 12:38:26', '2020-08-31 12:38:26'),
(27, 'browse_categories', 'categories', '2020-08-31 12:41:18', '2020-08-31 12:41:18'),
(28, 'read_categories', 'categories', '2020-08-31 12:41:18', '2020-08-31 12:41:18'),
(29, 'edit_categories', 'categories', '2020-08-31 12:41:18', '2020-08-31 12:41:18'),
(30, 'add_categories', 'categories', '2020-08-31 12:41:18', '2020-08-31 12:41:18'),
(31, 'delete_categories', 'categories', '2020-08-31 12:41:18', '2020-08-31 12:41:18'),
(32, 'browse_products', 'products', '2020-08-31 12:41:34', '2020-08-31 12:41:34'),
(33, 'read_products', 'products', '2020-08-31 12:41:34', '2020-08-31 12:41:34'),
(34, 'edit_products', 'products', '2020-08-31 12:41:34', '2020-08-31 12:41:34'),
(35, 'add_products', 'products', '2020-08-31 12:41:34', '2020-08-31 12:41:34'),
(36, 'delete_products', 'products', '2020-08-31 12:41:34', '2020-08-31 12:41:34'),
(37, 'browse_news', 'news', '2020-08-31 12:51:34', '2020-08-31 12:51:34'),
(38, 'read_news', 'news', '2020-08-31 12:51:34', '2020-08-31 12:51:34'),
(39, 'edit_news', 'news', '2020-08-31 12:51:34', '2020-08-31 12:51:34'),
(40, 'add_news', 'news', '2020-08-31 12:51:34', '2020-08-31 12:51:34'),
(41, 'delete_news', 'news', '2020-08-31 12:51:34', '2020-08-31 12:51:34'),
(62, 'browse_dmfpt', 'dmfpt', '2020-09-01 02:37:42', '2020-09-01 02:37:42'),
(63, 'read_dmfpt', 'dmfpt', '2020-09-01 02:37:42', '2020-09-01 02:37:42'),
(64, 'edit_dmfpt', 'dmfpt', '2020-09-01 02:37:42', '2020-09-01 02:37:42'),
(65, 'add_dmfpt', 'dmfpt', '2020-09-01 02:37:42', '2020-09-01 02:37:42'),
(66, 'delete_dmfpt', 'dmfpt', '2020-09-01 02:37:42', '2020-09-01 02:37:42'),
(67, 'browse_banner', 'banner', '2020-09-01 02:41:04', '2020-09-01 02:41:04'),
(68, 'read_banner', 'banner', '2020-09-01 02:41:04', '2020-09-01 02:41:04'),
(69, 'edit_banner', 'banner', '2020-09-01 02:41:04', '2020-09-01 02:41:04'),
(70, 'add_banner', 'banner', '2020-09-01 02:41:04', '2020-09-01 02:41:04'),
(71, 'delete_banner', 'banner', '2020-09-01 02:41:04', '2020-09-01 02:41:04'),
(77, 'browse_brand', 'brand', '2020-09-01 21:07:09', '2020-09-01 21:07:09'),
(78, 'read_brand', 'brand', '2020-09-01 21:07:09', '2020-09-01 21:07:09'),
(79, 'edit_brand', 'brand', '2020-09-01 21:07:09', '2020-09-01 21:07:09'),
(80, 'add_brand', 'brand', '2020-09-01 21:07:09', '2020-09-01 21:07:09'),
(81, 'delete_brand', 'brand', '2020-09-01 21:07:09', '2020-09-01 21:07:09');

-- --------------------------------------------------------

--
-- Table structure for table `permission_role`
--

CREATE TABLE `permission_role` (
  `permission_id` bigint(20) UNSIGNED NOT NULL,
  `role_id` bigint(20) UNSIGNED NOT NULL
) ENGINE=InnoDB DEFAULT CHARSET=utf8mb4 COLLATE=utf8mb4_unicode_ci;

--
-- Dumping data for table `permission_role`
--

INSERT INTO `permission_role` (`permission_id`, `role_id`) VALUES
(1, 1),
(2, 1),
(3, 1),
(4, 1),
(5, 1),
(6, 1),
(7, 1),
(8, 1),
(9, 1),
(10, 1),
(11, 1),
(12, 1),
(13, 1),
(14, 1),
(15, 1),
(16, 1),
(17, 1),
(18, 1),
(19, 1),
(20, 1),
(21, 1),
(22, 1),
(23, 1),
(24, 1),
(25, 1),
(26, 1),
(27, 1),
(28, 1),
(29, 1),
(30, 1),
(31, 1),
(32, 1),
(33, 1),
(34, 1),
(35, 1),
(36, 1),
(37, 1),
(38, 1),
(39, 1),
(40, 1),
(41, 1),
(62, 1),
(63, 1),
(64, 1),
(65, 1),
(66, 1),
(67, 1),
(68, 1),
(69, 1),
(70, 1),
(71, 1),
(77, 1),
(78, 1),
(79, 1),
(80, 1),
(81, 1);

-- --------------------------------------------------------

--
-- Table structure for table `products`
--

CREATE TABLE `products` (
  `id` bigint(20) UNSIGNED NOT NULL,
  `category_id` bigint(20) NOT NULL,
  `title` text COLLATE utf8mb4_unicode_ci NOT NULL,
  `price` bigint(20) NOT NULL,
  `image` varchar(255) COLLATE utf8mb4_unicode_ci NOT NULL,
  `created_at` timestamp NULL DEFAULT NULL,
  `updated_at` timestamp NULL DEFAULT NULL,
  `image1` varchar(255) COLLATE utf8mb4_unicode_ci DEFAULT NULL,
  `image2` varchar(255) COLLATE utf8mb4_unicode_ci DEFAULT NULL,
  `image3` varchar(255) COLLATE utf8mb4_unicode_ci DEFAULT NULL,
  `image4` varchar(255) COLLATE utf8mb4_unicode_ci DEFAULT NULL,
  `content` text COLLATE utf8mb4_unicode_ci DEFAULT NULL
) ENGINE=InnoDB DEFAULT CHARSET=utf8mb4 COLLATE=utf8mb4_unicode_ci;

--
-- Dumping data for table `products`
--

INSERT INTO `products` (`id`, `category_id`, `title`, `price`, `image`, `created_at`, `updated_at`, `image1`, `image2`, `image3`, `image4`, `content`) VALUES
(11, 1, 'Lighting Chandelier', 110, 'products\\September2020\\JNgNb0z3tqlkZpV4N2zB.jpg', '2020-09-02 10:18:35', '2020-09-02 10:18:35', 'products\\September2020\\B31FapIExHkZmNDVZCZM.jpg', 'products\\September2020\\xWelCpQUqPisi4iAefrg.jpg', 'products\\September2020\\ALK5qj4BZ07Nuul4dp8l.jpg', NULL, 'Dimmable Compatible & Energy SavingG40 outside string light come with 25 glass bulbs and 1 spare bulb. 1.5 inch light bulbs have E12/C7 candelabra socket base, 5W per bulb, warm white dimmable string light help you to save more electricity bid. Connecta'),
(12, 1, 'Lighting Glass', 125, 'products\\September2020\\quaYXK9SdAaieKZmpkxZ.jpg', '2020-09-02 10:20:00', '2020-09-02 10:23:35', 'products\\September2020\\JREvHX6vVkvy799oFhkY.jpg', 'products\\September2020\\9FrY1vBsV9GdOugvBYaS.jpg', 'products\\September2020\\T9hnW725W3cMRJM3uiRN.jpg', NULL, ' SIMPLE & RIFINED DESIGN - This 3-light vanity fixture with thick clear glass shades in a modern and sleek brushed nickel finish, it is perfect in bathrooms, kitchen or bedroom.  BULBS INCLUDED - Compatible with LED bulb, 3x E26 vintage edison S-type/Me'),
(13, 1, 'Modern Scandinavian', 60, 'products\\September2020\\OsbgjwYbCnkge0DBKqWE.jpg', '2020-09-02 10:22:54', '2020-09-02 10:22:54', 'products\\September2020\\6TLFARM33cjjwdO0iJGH.jpg', 'products\\September2020\\nTGcZ10bnqWYg7pSzdul.jpg', 'products\\September2020\\FBd8VOz73ioTPJZft7Kf.jpg', NULL, '[ Minimalist & Charming ] Crafted of the hardest metal, equipped with stunning clear glass globe shades to ensure a gorgeous glow, the bathroom light presents a minimalist and charming look, and will add a modern chic element to your spaces with its golde'),
(14, 1, 'Moroccan Vintage', 300, 'products\\September2020\\rn4o4lUpDGjXHSl0PZI5.jpg', '2020-09-02 10:25:11', '2020-09-02 10:25:11', 'products\\September2020\\zlcDf3k9ygBk2EmUbRF5.jpg', 'products\\September2020\\1p8dG785Ua2KEF38bWPg.jpg', 'products\\September2020\\CzwKIM4PD7O2G1CAOtQs.jpg', NULL, 'Style: Inspired by farmhouse natural materials, we combine the round wagon wheel and triangle structure into this retro and rustic chandeliers. Light Fixtures Size: 25.6 inches in diameter, 20 inches in height. Hanging chain length 39\" (100CM, adjustable)'),
(15, 1, 'Table lamp-Desk lamp-Edison', 59, 'products\\September2020\\W4qEerWSgHnrinaIXik0.jpg', '2020-09-02 10:26:15', '2020-09-02 10:26:15', 'products\\September2020\\skHEfC17yCHjS6gq5oau.jpg', 'products\\September2020\\fu5mKDUMOX54givG6Je5.jpg', 'products\\September2020\\OS007mlf2rfceb6RIfg7.jpg', NULL, 'QUALITY MATERIALS: Exquisite metal & wood pendant lamp and ancient ways finish. The hand-finished surface will add a stylish touch. Nice French country round chandelier light. DIMENSION:Canopy: 5\". Lamp Body: 7.8\"L x 11.8\"H, Metal Chain Length: Max 59\"-Mi'),
(16, 1, 'Wall Lighting', 158, 'products\\September2020\\7JWc7WRGZASPidHcBJQV.jpg', '2020-09-02 10:27:32', '2020-09-02 10:27:32', 'products\\September2020\\RQGPq2M6wYOEtdpsPhcW.jpg', 'products\\September2020\\SHnQraheyCQ3rEOfG4WA.jpg', 'products\\September2020\\sFmWLjLg7KvgvGdIGxdX.jpg', NULL, 'Plug in hanging light comes with adjustable 11.5ft plug in light cord and essential hanging hardwired to meet your need of lighting. NOTE: Bulb is not included. Hanging plug in light is easy to install. You just need to install the bulb and turn on/off th'),
(17, 2, 'Blue Water Perfume Oil', 300, 'products\\September2020\\R2r1EYvsZOicGkQZHkqL.jpg', '2020-09-02 10:30:37', '2020-09-02 10:30:37', 'products\\September2020\\J7NIn9s1PYinIgTtUEys.jpg', 'products\\September2020\\cMWc2lnQSwOW811tMOYc.jpg', NULL, NULL, 'Reed Diffuser Liquid Refill 175 mL / 5. 9 fl. oz The NEST Fragrances Grapefruit Reed Diffuser Refill fragrance oil includes notes of pink pomelo grapefruit and watery nuances that are blended with lily of the valley and coriander blossom. Pair with the NE'),
(18, 2, 'Empire Gift Set', 49, 'products\\September2020\\46av6CQP0xLPMCImK8xl.jpg', '2020-09-02 10:32:00', '2020-09-02 10:33:25', NULL, NULL, NULL, NULL, 'This product is firm hold and natural finish Factor such as dry or oily skin can even affect the amount of time a fragrance will last after being applied When applying any fragrance please consider that there are several factors which can affect the natur'),
(19, 2, 'Oil Warmer', 43, 'products\\September2020\\nZtHjyDNi6GVEYjPZyHv.jpg', '2020-09-02 10:34:34', '2020-09-02 10:34:34', 'products\\September2020\\cVrHf4yex35X2WdjwVt0.jpg', 'products\\September2020\\whSoVUhLqPzXQQLmwthm.jpg', NULL, NULL, 'no candles and aromatherapy essential oil. Multi-Functions-Can be used as a diffuser, burner, or Great Decoration for Living Room, Balcony, Patio, Porch & Garden. SIZE Dimension:Bottom diameter: 4.75 inchheight 3.14 12cmx8cm, essential oil and candle a'),
(20, 2, 'Reed diffuser and fragrance flower', 56, 'products\\September2020\\ImTw5ZGP3oBqYgh3yTeo.jpg', '2020-09-02 10:35:45', '2020-09-02 10:35:45', 'products\\September2020\\KDiJEKYFPIOjgngiuCC5.jpg', 'products\\September2020\\4olbikT0EWgbeb5fy4Yn.jpg', 'products\\September2020\\FR4RLinCET1cuwa9K7ZU.jpg', NULL, ' A fragrance that is as memorable as it is luxurious. English Garden embraces all that is graceful & elegant with lush notes of smooth jasmine, sheer roses, heady hyacinth, creamy lily of the valley, lavish oak moss & subtle musk.  Thoughtful Gift Idea '),
(21, 2, 'Royal Oud', 78, 'products\\September2020\\tcB3rEFDmIByUuJyd0CN.jpg', '2020-09-02 10:37:24', '2020-09-02 10:37:24', NULL, NULL, NULL, NULL, 'His original creations had earned Paillasseur an international following before Korloff, which only grew with his offerings watches, accessories, eyewear, leather goods, haute couture and fragrances. Karloff has grown to become a global brand with boutiqu'),
(22, 2, 'Sundrunk', 84, 'products\\September2020\\R7ZkX7f7b8uCZTwvZKHJ.jpg', '2020-09-02 10:38:44', '2020-09-02 10:38:44', 'products\\September2020\\Fk3GB0PqpGX7j4OgXA1d.jpg', 'products\\September2020\\UrR71N3KHXL3oxvdAkd0.jpg', 'products\\September2020\\cICYtUVkJoTaLspRt4LK.jpg', NULL, 'Evoke a sense of home and comfort. Warm, mouthwatering and inviting. Unisex'),
(23, 3, 'Boho decor', 14, 'products\\September2020\\0jxaefaz2L1LrPJ06DLp.jpg', '2020-09-02 10:40:43', '2020-09-02 10:40:43', 'products\\September2020\\OtXef9fAVSVEnQlLwjkL.jpg', 'products\\September2020\\FXtuJtSbF0mMShTsjvgC.jpg', 'products\\September2020\\xSpBKMalK2FvILZpbUqC.jpg', NULL, ' UNIQUE MODERN DESIGN: These pillow covers have a designer look and feel, will stands out in the mix. Fantastic quality will absolutely exceed your expectations. A textile fabric with an interesting and tribal design. Pairs well with Moroccan, Ethnic, Re'),
(24, 3, 'Cases Green', 25, 'products\\September2020\\MdabbO0lOXbRBewA1zL1.jpg', '2020-09-02 10:41:41', '2020-09-02 10:41:41', 'products\\September2020\\B9C59umNdwZbt5yUpamO.jpg', 'products\\September2020\\A6kmVCIhdzxuWzUZUhLi.jpg', 'products\\September2020\\UHQiImjKbb4AD5TIdtsb.jpg', 'products\\September2020\\5yp55QqnCPHOXgchGkp0.jpg', 'Great Fun for Your Christmas: This retro leaves throw pillow case is perfect for parties, wedding, carnivals, Christmas costume party, indoor or outdoor activities, prank and gag gifts etc. Special Decoration for Your Home: Unique farmhouse couch pillows '),
(25, 3, 'Decorative Throw Pillow', 34, 'products\\September2020\\QsYdMmCcnxvji0AIPp32.jpg', '2020-09-02 10:42:54', '2020-09-02 10:42:54', 'products\\September2020\\KgOQZnPipwQ5HASdtaKj.jpg', 'products\\September2020\\gf7KP2KwaFVUx87twsrB.jpg', NULL, NULL, 'Acrylic MATERIAL: Made of 100% acrylic woolen yarn with lovely pompoms fringes. The premium material is anti-pilling, no fade and no deformation. Soft against the skin and warm touch, ideal for sensitive skin and tender. SIZE AND PACKING: 18 x 18 in/45 x '),
(26, 3, 'Lumbar Pillow', 14, 'products\\September2020\\RBCp3ogGNJegaBESmkbm.jpg', '2020-09-02 10:44:00', '2020-09-02 10:44:20', 'products\\September2020\\2eaRNXFhxqL9aadKjnsS.jpg', 'products\\September2020\\WW4kxy6FlkpO6EP5XXfe.jpg', 'products\\September2020\\1QHVICpnFfcoBkvZqehE.jpg', NULL, 'Accent your home with Hofdeco His and Her Gray Infinite Love pillow covers and make yourself the envy of the neighborhood. Made from HEAVY Weight Cotton Linen fabric, this decorative pillow cover is comfortable, and crafted for durability with fine detail'),
(27, 3, 'Small Faux Cow', 16, 'products\\September2020\\U1MZonQSV1EurYEhI0l6.jpg', '2020-09-02 10:45:35', '2020-09-02 10:45:35', 'products\\September2020\\7w9k0EJ2Yv8Z7VCQojRH.jpg', NULL, NULL, NULL, 'Material: Cotton Linen Blend. Size: 20x20 inch/ 50x50cm. Invisible/hidden zipper. Both sides have same design. Cushion covers ONLY(2 pieces). No Insert. No Filler. EASY CARE & WASH: Machine washable, Maximum temperature 30, gentle cycle. Do not bleach. T'),
(28, 3, 'Triangle geometry', 19, 'products\\September2020\\jnkXiqUl6wbCgDS6LWGQ.jpg', '2020-09-02 10:46:20', '2020-09-02 10:46:20', NULL, NULL, NULL, NULL, 'WIDE APPLICATIONS: home, bedroom, bed, living room, sofa, couch, bench, floor, office, chair, car, party, wedding, dining room, outdoor and so on. These cushion covers could perfectly match with all kinds of furniture'),
(29, 4, 'Acrylic Vase', 16, 'products\\September2020\\45ovjbsMqsSE9I62woht.jpg', '2020-09-02 10:48:33', '2020-09-02 10:48:33', 'products\\September2020\\OWavwF095q82ZPabhbVY.jpg', 'products\\September2020\\q7EuM9jV4ThcQlhGCDRG.jpg', 'products\\September2020\\QlvGHi7QefW2bUEQx4nI.jpg', NULL, 'TIMING FUNCTION: The warm white LED lights is with timer function 6h on and 18h off, turn on the switch, it will recycle automatically! Certainly if you do not want lights out for 18 hours, restart the switch'),
(30, 4, 'Ceramic Small', 26, 'products\\September2020\\Wp0KyPMPDUmvcNz13Rxd.jpg', '2020-09-02 10:49:36', '2020-09-02 10:49:36', 'products\\September2020\\vKQvSp4B8SJ2DAqF7HGB.jpg', 'products\\September2020\\oSuOPpk8IlLAgIjiV179.jpg', 'products\\September2020\\GwAWUiYA2zZ158GKQW7O.jpg', 'products\\September2020\\DLQqjLhudgnalBQaKUTt.jpg', '5.59\" diameter x 8.66\"H 100% stoneware This mid-century vase with a reactive glaze finish has a feather design boasts a gold-finished top. Wipe clean with a soft, dry cloth.'),
(31, 4, 'Female Form Vase', 27, 'products\\September2020\\ESh7lxUFSvbvUDvH5AHL.jpg', '2020-09-02 10:51:05', '2020-09-02 10:51:05', 'products\\September2020\\xynCBN9Lc8CtEtxVM9ub.jpg', 'products\\September2020\\3gsoCTmfitXZVDU9H2iQ.jpg', 'products\\September2020\\LzfhSXB95z2TA1X0pbsl.jpg', NULL, 'STATEMENT PIECE: not just your typical vase, this face-shaped vase and planter is an art work in itself - matches minimalism, modern & sleek interior design DISPLAY: add vibrancy on your shelf, window ledge, console table in your entry way, night stand, c'),
(32, 4, 'Flower Vase', 36, 'products\\September2020\\LJvuLITSZs6vfbDXt8Mp.jpg', '2020-09-02 10:58:40', '2020-09-02 10:58:40', 'products\\September2020\\usQ7yVhVYRD0NpWPID5z.jpg', 'products\\September2020\\qxduGUTOEQPkyoamag05.jpg', 'products\\September2020\\aFt11NH083yBcjyCy1kw.jpg', 'products\\September2020\\bvkyHZdc2GOXeJ4SKdXX.jpg', 'Decoration: 8.7*5.1 Inch (22*13cm) Cylindrical decorative glass vase, rose-gold-color,high quality materials, simple and attractive.'),
(33, 4, 'Gucci round vase in Murano Glass', 123, 'products\\September2020\\TLGJxBFqxiyp6qfCIndQ.jpg', '2020-09-02 11:14:04', '2020-09-02 11:14:04', 'products\\September2020\\wSmC8I9Xeo79PJgCFWSt.jpg', 'products\\September2020\\Il6tPJOyo2du7pKUz8sn.jpg', 'products\\September2020\\OqpKWAcuRYqyueFhxOFy.jpg', NULL, 'Handcrafted from radiant green lead-free crystal and porcelain, it measures approximately 16 inches high x 8 inches wide and will be an ideal solution for all kinds of flowers, or decorative arrangements. Due to its classic design, it will easily compleme'),
(34, 4, 'Hand-Painted Vase', 32, 'products\\September2020\\RKLSuvhLjlpkG3qY4Cx7.jpg', '2020-09-02 11:15:04', '2020-09-02 11:15:04', 'products\\September2020\\9ZrDTiSbH4PcyckOARCv.jpg', 'products\\September2020\\ux1SSytPlxbnVkExXmxI.jpg', 'products\\September2020\\7jvZyKHYZVXye7lbOyBK.jpg', NULL, 'Perfect for small plants Has a unique hand-painted design Beautiful unique reactive glaze Each one will vary'),
(35, 5, 'Cowhide Rug', 98, 'products\\September2020\\9Pm84tNltaUMne2lb6XW.jpg', '2020-09-02 11:16:30', '2020-09-02 11:16:30', NULL, NULL, NULL, NULL, 'Allows you to unleash your wild side and take your home design to a new level Featuring deep, warm colors, this Cow Print Rug will easily incorporate into almost any design scheme, at home or the office Ample 55\" x 62\" size is the perfect choice to fill a'),
(36, 5, 'Large Indian rugs', 68, 'products\\September2020\\EARchrLfM8ABfJ7SMWLk.jpg', '2020-09-02 11:18:00', '2020-09-02 11:18:00', 'products\\September2020\\QN0feUx1qPxejfNVbpfQ.jpg', 'products\\September2020\\XHpaCnqUakdP67gkcza9.jpg', 'products\\September2020\\W1jDsmvJQ4j5iMmTgYWN.jpg', NULL, 'Handwoven Collection - 100% Cotton handmade rugs are manually without the aid of machinery.Finished with tassel fringe for a accent decor in any space, bring a subtly textured look to your space. Traditional Manual Printing - Real Pure Handmade Black and '),
(37, 5, 'Medallion Pattern', 46, 'products\\September2020\\ss1PaswwLzsIuZKAMpKz.jpg', '2020-09-02 11:19:16', '2020-09-02 11:19:16', 'products\\September2020\\WRZ5l1lKh7PBQd9Sm5ET.jpg', 'products\\September2020\\Ef1mh77n95Gk61zZA9cr.jpg', 'products\\September2020\\lLm3DxIg6tcn7ElHjokg.jpg', NULL, 'Pile: 100% Polypropylene, Backing: 100% Jute Imported Inspired by traditional Persian textiles, this eye-catching design features a color-splashed, faded, all-over medallion pattern. Durable, machine-woven synthetic fibers keep this rug looking fresh and '),
(38, 5, 'Sakura Rugs', 78, 'products\\September2020\\JRX1tdCTZCo6eubw3IDP.jpg', '2020-09-02 11:20:44', '2020-09-02 11:20:44', 'products\\September2020\\UB7SGIy6zf84vy66pKvT.jpg', 'products\\September2020\\3wAzcP247q5tU5gSyTax.jpg', 'products\\September2020\\OtwoJbzxkZtDC5BNLwkB.jpg', NULL, 'Designed with resilience against everyday wear-and-tear, this rug is kid and pet friendly and perfect for high traffic areas of your home such as living room, dining room, kitchen, and hallways Sleek and functional 0.37 pile height allows for convenient '),
(39, 5, 'Southwest Rug', 97, 'products\\September2020\\nXg1xAgdqbGOxhB2SUGw.jpg', '2020-09-02 11:27:22', '2020-09-02 11:27:22', 'products\\September2020\\IDjHg779YVyYVnnw0VSX.jpg', 'products\\September2020\\h50ueUlWOungt3oPVwXd.jpg', 'products\\September2020\\pcpwS7IP6tjxKjzYPXXx.jpg', NULL, 'OLD-TIME ROMANCE: The stunning, arrow-inspired pattern is accentuated by bold, modern colors. This eye-catching rug will add an interesting statement to any dcor. BEST VALUE FOR MONEY: You dont have to break the bank to elevate your decor! This gorgeous'),
(40, 5, 'VintageRugBoutigue', 85, 'products\\September2020\\hfG6Rq3DUJalm1uinzy5.jpg', '2020-09-02 11:33:56', '2020-09-02 11:33:56', 'products\\September2020\\5Cg5pybuPd9gz0KH9fQG.jpg', 'products\\September2020\\fEyD4r4R3oz02VAWhcsQ.jpg', 'products\\September2020\\egq1Vr12ryAsBXTQRhc7.jpg', NULL, 'An eye-catching centerpiece for any room; bring classic charm to your dcor Made from synthetic fibers that naturally hold their color and are stain resistant Easy care; vacuum and spot clean with mild detergent Rug measures 1-foot 11-inches by 7-feet 4-i'),
(41, 6, 'A Lonely Owl', 95, 'products\\September2020\\8itxznLbxrCZXRCLUeQV.jpg', '2020-09-02 11:36:21', '2020-09-02 11:36:21', 'products\\September2020\\xVkWgdz4j70oG3ymoY8g.jpg', 'products\\September2020\\DV3xIBi7eT8MGNubAIDf.jpg', NULL, NULL, 'Decorative handmade beautiful Amber mosaic beveled round wall mirror Uniquely crafted and designed by Lulu, a stunning piece on it\'s own Elegant and well made, will match most wall decor and furniture Mosaic frame measures 19\", beveled mirror measures 11\"'),
(42, 6, 'Decorative Mirror', 79, 'products\\September2020\\ACEENrMoPdWGr4YLWVFr.jpg', '2020-09-02 11:38:10', '2020-09-02 11:38:10', 'products\\September2020\\jqtkFIW5tlzkJvnQT2cM.jpg', 'products\\September2020\\5pRsWqOnRLnBv3JoxS6K.jpg', 'products\\September2020\\nP6RTm5ZdrPJvMo5YOD1.jpg', 'products\\September2020\\Cv7UzLsbqA23uzaylpO6.jpg', 'Chic round wall mirror adds a little extra shine to any modern or contemporary dcor Dimensional layers of shimmering crystals clear beads reflect light to brighten up your space Constructed of metal, glass and acrylic, mirror arrives ready to hang Hangs '),
(43, 6, 'gold rhombus mirrors', 45, 'products\\September2020\\07s0KeJxZyp3F73o8VX9.jpg', '2020-09-02 11:42:43', '2020-09-02 11:42:43', 'products\\September2020\\SMuAgitrH3r2djyS4L4V.jpg', 'products\\September2020\\vYz66rrk1lnyDr1PJp18.jpg', 'products\\September2020\\ZQ38sNJ5bpmHBalvKa5K.jpg', NULL, 'FACILITATE MAKEUP EVEN ON THE GO: Make your life easier from now on with this lovely round mirror. Apply makeup and other cosmetics effortlessly even on the go. Save your precious time and energy with this compact mirror. Eliminate accidents, complement'),
(44, 6, 'Mirror Rattan Round', 68, 'products\\September2020\\VTZ4s6h9WcW99vKUJU9K.jpg', '2020-09-02 11:48:00', '2020-09-02 11:48:00', 'products\\September2020\\2QF4F12YQqu9PLs4ydAO.jpg', 'products\\September2020\\tMFFkG0lM8ej3tmRA3mq.jpg', 'products\\September2020\\sklpuhjg1HZlAVIbnEBi.jpg', 'products\\September2020\\VY7PDMnPRdlHsSJh04c1.jpg', '32\" wide x 32\" high x 3 1/2\" deep. Glass only section is 22\" wide x 22\" high. Surrounding frame is 5\" wide. Beveled edge is 1\" wide. Coastal round wall mirror by Noble Park. Vertical installation only. D-rings hangers on the back. Natural rattan weave and'),
(45, 6, 'Mosaic Tray Mirror', 83, 'products\\September2020\\3xKvU5PskPfGlue6TCHd.jpg', '2020-09-02 11:50:22', '2020-09-02 11:50:22', 'products\\September2020\\F22SL3TZaZxBLcSMaN4A.jpg', 'products\\September2020\\PLNCHUtN4RWyydWaX8un.jpg', 'products\\September2020\\kKVIwB4nm5sNzidSwXZY.jpg', NULL, '32\" wide x 32\" high x 3 1/2\" deep. Glass only section is 22\" wide x 22\" high. Surrounding frame is 5\" wide. Beveled edge is 1\" wide. Coastal round wall mirror by Noble Park. Vertical installation only. D-rings hangers on the back. Natural rattan weave and'),
(46, 6, 'Stonebriar Decorative', 62, 'products\\September2020\\OtjDv9m73yJieHG9J2vJ.jpg', '2020-09-02 12:05:56', '2020-09-02 12:05:56', 'products\\September2020\\1dinuxk5HgrAVEbDMDsC.jpg', 'products\\September2020\\GZXoS0pTU1HJGpFxDJm0.jpg', 'products\\September2020\\YEkgtKyzrIuBDU8t17Cf.jpg', NULL, 'Nullify Imported Mounting Type: Sawtooth'),
(47, 6, 'Stonebriar Sunburst Wall mirror', 64, 'products\\September2020\\dpZ6fRjqlmyr27eae1Dl.jpg', '2020-09-02 12:15:01', '2020-09-02 12:15:01', 'products\\September2020\\ipvTNkkrPwKiGJfblZog.jpg', 'products\\September2020\\grpNVe5XlQBl0UbIBhlj.jpg', NULL, NULL, 'Nullify This stylish mirror features a unique wire metal sunburst frame with an antique gold finish & a beveled glass mirror with crystal clear reflection Measuring at 24\" diameter with gold frame and 8. 7\" diameter for the mirror alone, this elegant mirr'),
(48, 6, 'Gold Circle and Rectangle Layered Wall Accent Mirror', 48, 'products\\September2020\\YjvLEVNZfMWAyf2jwaXY.jpg', '2020-09-02 12:19:45', '2020-09-02 12:19:45', 'products\\September2020\\jlZyBcnbLMYvzJ8ojlAI.jpg', 'products\\September2020\\zz0KgsXDUHmU47PQfZLI.jpg', NULL, NULL, 'No Crisp modern gold wall mirror featured in a dimensional narrow metal frame It\'s cut out overlapping design feature two rectangles layered over the mirror Mirror measures 24 inches tall x 21 inches wide Hangs securely to any surface with durable hangers'),
(49, 6, 'Nordic Scandinavian', 43, 'products\\September2020\\8tl6oAZy4SCO7As7uU5n.jpg', '2020-09-02 12:22:17', '2020-09-02 12:22:17', 'products\\September2020\\tSBZjw9hTwpzpfwOq4kU.jpg', 'products\\September2020\\TC1AEp4cx1WTLcOt3urn.jpg', 'products\\September2020\\EOlG70gIbEL2etql7aGG.jpg', NULL, 'Made of Rattan and Mirrored Glass A Natural finish Securely constructed Mounting hardware is not included'),
(50, 6, 'Zuo A12157 Mirror,', 43, 'products\\September2020\\LbvVMPUnqk8DXPLWgOSc.jpg', '2020-09-02 12:34:30', '2020-09-02 12:34:30', 'products\\September2020\\TwpNBepuTWmtS8KlBycO.jpg', NULL, NULL, NULL, '26. 8\" W x . 8\" D x 11. 4\" H Made of Rattan and Mirrored Glass A Natural finish Securely constructed Mounting hardware is not included'),
(51, 7, 'Lush Decor Rowley Birds Curtains', 50, 'products\\September2020\\8WR6VhigEwWfJYLnYNP2.jpg', '2020-09-05 21:01:18', '2020-09-05 21:01:18', 'products\\September2020\\5MHObYUWIUJOGeJQqs6F.jpg', NULL, NULL, NULL, '100% Polyester Room darkening window curtains filter a portion of light and heat, but allow for some natural light to come through. Calming, unique window panels with colorful birds sitting on wires adorning each curtain.'),
(52, 7, 'Blue Mandala Medallion Moroccan', 57, 'products\\September2020\\aepE7CFyFgzbpSnmeft1.jpg', '2020-09-05 21:02:00', '2020-09-05 21:08:29', 'products\\September2020\\V9npNQQHK0aoJX4AWkI5.jpg', 'products\\September2020\\mRSEVgNj7qIbNiGb1F6O.jpg', NULL, NULL, '<ul class=\"a-unordered-list a-vertical a-spacing-mini\" style=\"box-sizing: border-box; margin: 0px 0px 0px 18px; color: #111111; padding: 0px; font-family: \'Amazon Ember\', Arial, sans-serif; font-size: 13px;\">\r\n<li style=\"box-sizing: border-box; list-style: disc; overflow-wrap: break-word; margin: 0px;\"><span class=\"a-list-item\" style=\"box-sizing: border-box;\">100% Cotton</span></li>\r\n<li style=\"box-sizing: border-box; list-style: disc; overflow-wrap: break-word; margin: 0px;\"><span class=\"a-list-item\" style=\"box-sizing: border-box;\">Imported</span></li>\r\n<li style=\"box-sizing: border-box; list-style: disc; overflow-wrap: break-word; margin: 0px;\"><span class=\"a-list-item\" style=\"box-sizing: border-box;\">Each size: 82\" X 41\" Inch ( 208 X 104 Cm). package incude 2 panels</span></li>\r\n<li style=\"box-sizing: border-box; list-style: disc; overflow-wrap: break-word; margin: 0px;\"><span class=\"a-list-item\" style=\"box-sizing: border-box;\">Fabric Content 100 % Cotton</span></li>\r\n<li style=\"box-sizing: border-box; list-style: disc; overflow-wrap: break-word; margin: 0px;\"><span class=\"a-list-item\" style=\"box-sizing: border-box;\">Product Type: Curtain , Window Hanging , Tapestry</span></li>\r\n<li style=\"box-sizing: border-box; list-style: disc; overflow-wrap: break-word; margin: 0px;\"><span class=\"a-list-item\" style=\"box-sizing: border-box;\">Wash Care - Machine Washable</span></li>\r\n<li style=\"box-sizing: border-box; list-style: disc; overflow-wrap: break-word; margin: 0px;\"><span class=\"a-list-item\" style=\"box-sizing: border-box;\">These Sheer Window Treatments are 2.5 inch rod pocket panels</span></li>\r\n</ul>'),
(53, 7, 'Crane Shower Curtain', 78, 'products\\September2020\\Ncs1Ak0KbAifSCt53Q4r.jpg', '2020-09-05 21:06:14', '2020-09-05 21:06:14', 'products\\September2020\\2tBBUUzQcDdiBKaivwsi.jpg', NULL, NULL, NULL, '<ul class=\"a-unordered-list a-vertical a-spacing-mini\" style=\"box-sizing: border-box; margin: 0px 0px 0px 18px; color: #111111; padding: 0px; font-family: \'Amazon Ember\', Arial, sans-serif; font-size: 13px;\">\r\n<li style=\"box-sizing: border-box; list-style: disc; overflow-wrap: break-word; margin: 0px;\"><span class=\"a-list-item\" style=\"box-sizing: border-box;\">100% Polyester</span></li>\r\n<li style=\"box-sizing: border-box; list-style: disc; overflow-wrap: break-word; margin: 0px;\"><span class=\"a-list-item\" style=\"box-sizing: border-box;\">Imported</span></li>\r\n<li style=\"box-sizing: border-box; list-style: disc; overflow-wrap: break-word; margin: 0px;\"><span class=\"a-list-item\" style=\"box-sizing: border-box;\">Material: polyester</span></li>\r\n<li style=\"box-sizing: border-box; list-style: disc; overflow-wrap: break-word; margin: 0px;\"><span class=\"a-list-item\" style=\"box-sizing: border-box;\">Sizes: approximately 55x78x2(in)</span></li>\r\n<li style=\"box-sizing: border-box; list-style: disc; overflow-wrap: break-word; margin: 0px;\"><span class=\"a-list-item\" style=\"box-sizing: border-box;\">Includes: includes 2 panels,one panel measures: 55\"(W) x 78\"( L )</span></li>\r\n<li style=\"box-sizing: border-box; list-style: disc; overflow-wrap: break-word; margin: 0px;\"><span class=\"a-list-item\" style=\"box-sizing: border-box;\">Functions: this sheer curtains are perfect for any room in the house, allowing natural light to shine through the day</span></li>\r\n</ul>'),
(54, 7, 'Moroccan Design Ivory Brown', 123, 'products\\September2020\\kdUlDeCADcvslkiiiVU1.jpg', '2020-09-05 21:10:46', '2020-09-05 21:10:46', 'products\\September2020\\oCysPw1DmlMaymIM4aKU.jpg', 'products\\September2020\\Lpx8nsMTLqs3BZKhSWFW.jpg', 'products\\September2020\\V98KPXlDs92oKEXr8SXF.jpg', 'products\\September2020\\H07pfzWlZ4N0riwoHJIM.jpg', '<ul class=\"a-unordered-list a-vertical a-spacing-mini\" style=\"box-sizing: border-box; margin: 0px 0px 0px 18px; color: #111111; padding: 0px; font-family: \'Amazon Ember\', Arial, sans-serif; font-size: 13px;\">\r\n<li style=\"box-sizing: border-box; list-style: disc; overflow-wrap: break-word; margin: 0px;\"><span class=\"a-list-item\" style=\"box-sizing: border-box;\">100% Polyester</span></li>\r\n<li style=\"box-sizing: border-box; list-style: disc; overflow-wrap: break-word; margin: 0px;\"><span class=\"a-list-item\" style=\"box-sizing: border-box;\">Jacquard quality Traditional Design complete Curtain Drape set for living room, dining room or patio/sliding glass door. Rod pocket Drape that comes with 2 Panels each measure 55\" Width x 84\" Length (Total width 110\" with both Panels)</span></li>\r\n<li style=\"box-sizing: border-box; list-style: disc; overflow-wrap: break-word; margin: 0px;\"><span class=\"a-list-item\" style=\"box-sizing: border-box;\">Beautiful and elegant looking valance is attached to the panel along with the sheer backing for a complete matching set. Matching Tassels are also included.</span></li>\r\n<li style=\"box-sizing: border-box; list-style: disc; overflow-wrap: break-word; margin: 0px;\"><span class=\"a-list-item\" style=\"box-sizing: border-box;\">100% Polyester</span></li>\r\n</ul>'),
(55, 7, 'Rainforest style, Curtains fabric', 43, 'products\\September2020\\40LA3zB2I5aTlu5ctkHt.jpg', '2020-09-05 21:12:55', '2020-09-05 21:12:55', 'products\\September2020\\AMsYAmF0GShfoPOJqeZ8.jpg', 'products\\September2020\\9KKQLyUy6ZEe2FfLkTza.jpg', 'products\\September2020\\XiX4Zf0ZJnWjU6WCPvNH.jpg', NULL, '<ul class=\"a-unordered-list a-vertical a-spacing-mini\" style=\"box-sizing: border-box; margin: 0px 0px 0px 18px; color: #111111; padding: 0px; font-family: \'Amazon Ember\', Arial, sans-serif; font-size: 13px;\">\r\n<li style=\"box-sizing: border-box; list-style: disc; overflow-wrap: break-word; margin: 0px;\"><span class=\"a-list-item\" style=\"box-sizing: border-box;\">Polyester</span></li>\r\n<li style=\"box-sizing: border-box; list-style: disc; overflow-wrap: break-word; margin: 0px;\"><span class=\"a-list-item\" style=\"box-sizing: border-box;\">Imported</span></li>\r\n<li style=\"box-sizing: border-box; list-style: disc; overflow-wrap: break-word; margin: 0px;\"><span class=\"a-list-item\" style=\"box-sizing: border-box;\">MEASUREMENTS - 70 INCHES LONG x 69 INCHES WIDE. No liner needed. 12 hooks included. MADE IN TURKEY.</span></li>\r\n<li style=\"box-sizing: border-box; list-style: disc; overflow-wrap: break-word; margin: 0px;\"><span class=\"a-list-item\" style=\"box-sizing: border-box;\">MADE FROM - High quality %100 polyester Turkish fabric material. Waterproof. Non-vinyl, Non-PEVA.</span></li>\r\n<li style=\"box-sizing: border-box; list-style: disc; overflow-wrap: break-word; margin: 0px;\"><span class=\"a-list-item\" style=\"box-sizing: border-box;\">EASY TO USE - Machine washable and dries fast. Features vibrant colors and clear image. No Fading.</span></li>\r\n<li style=\"box-sizing: border-box; list-style: disc; overflow-wrap: break-word; margin: 0px;\"><span class=\"a-list-item\" style=\"box-sizing: border-box;\">ADDS GREAT PERSPECTIVE - Bold graphics printed with state of the art digital printing technology.</span></li>\r\n<li style=\"box-sizing: border-box; list-style: disc; overflow-wrap: break-word; margin: 0px;\"><span class=\"a-list-item\" style=\"box-sizing: border-box;\">DESIGNER ARTWORK - Not a common usual shower curtain you can find anywhere. Unique. Genuine. FUN.</span></li>\r\n</ul>'),
(56, 7, 'White Gold Mandala Medallion', 67, 'products\\September2020\\MTxkCkm9JXS01J7rFKm3.jpg', '2020-09-05 21:14:38', '2020-09-05 21:14:38', 'products\\September2020\\F1PByIDOktu3VV8QOyaX.jpg', 'products\\September2020\\cyOjC63MDFmKcSt8RpQE.jpg', 'products\\September2020\\l0yVRo5wluw5n2P4nHkV.jpg', NULL, '<ul class=\"a-unordered-list a-vertical a-spacing-mini\" style=\"box-sizing: border-box; margin: 0px 0px 0px 18px; color: #111111; padding: 0px; font-family: \'Amazon Ember\', Arial, sans-serif; font-size: 13px;\">\r\n<li style=\"box-sizing: border-box; list-style: disc; overflow-wrap: break-word; margin: 0px;\"><span class=\"a-list-item\" style=\"box-sizing: border-box;\">100% Cotton Fabric</span></li>\r\n<li style=\"box-sizing: border-box; list-style: disc; overflow-wrap: break-word; margin: 0px;\"><span class=\"a-list-item\" style=\"box-sizing: border-box;\">Made in INDIA</span></li>\r\n<li style=\"box-sizing: border-box; list-style: disc; overflow-wrap: break-word; margin: 0px;\"><span class=\"a-list-item\" style=\"box-sizing: border-box;\"> AMAZING MATERIAL QUALITY: This Mandala Passion Ombre tapestry is made of 100% cotton fabric, made and printed in India, which is durable, soft, lightweight and easy to hang or pack away for your indoor or outdoor use. This tapestry is a creation of eastern motifs infused with modern concepts. The wonderful pattern design way to add colour to your bed, ceiling and wall</span></li>\r\n</ul>'),
(57, 8, 'Faux Eucalyptus Leaves Artificial Greenery Stems Fake Silk', 16, 'products\\September2020\\udDPJ5jtbVpUBupzWeFs.jpg', '2020-09-06 00:38:32', '2020-09-06 00:38:32', 'products\\September2020\\eozTDvoi3zzesRKQVYfM.jpg', 'products\\September2020\\tOLuHv9rZZJFs518N28f.jpg', 'products\\September2020\\kiU2ifr400CKXEWUbNll.jpg', NULL, '<ul class=\"a-unordered-list a-vertical a-spacing-mini\" style=\"box-sizing: border-box; margin: 0px 0px 0px 18px; color: #111111; padding: 0px; font-family: \'Amazon Ember\', Arial, sans-serif; font-size: 13px;\">\r\n<li style=\"box-sizing: border-box; list-style: disc; overflow-wrap: break-word; margin: 0px;\"><span class=\"a-list-item\" style=\"box-sizing: border-box;\">FAUX GREENERY D&Eacute;COR &ndash; Eucalyptus Leaves Silver Dollar Natural Look, Real Silk Like to Touch / Artificial Greenery &ndash; Green, Grey, Blue &ndash; Unpotted Long Stem Floral Picks - Approx - 200 Leaves with Each Pick 18.5 in. Tall Extends to 22 inches Wide Each Bulk Plastic Bushes Greens Foliage Each Leaf 2 inch x 2.25 Inches Ea Spray 63 Leaves</span></li>\r\n<li style=\"box-sizing: border-box; list-style: disc; overflow-wrap: break-word; margin: 0px;\"><span class=\"a-list-item\" style=\"box-sizing: border-box;\">EUCALYPTUS STEMS &ndash; Fake Eucalyptus Leaves for Farmhouse D&eacute;cor or Faux Greenery for Artificial Flower Arrangements / Centerpieces for Wedding Vase or Holiday Tabletop Decorations like Thanksgiving or Christmas Decoration, Mantels, Shelves.</span></li>\r\n<li>&nbsp;</li>\r\n</ul>'),
(58, 8, 'T-Trove Artificial Japanese Cedar', 35, 'products\\September2020\\lwRxr4PibblCocYnMZZo.jpg', '2020-09-06 00:39:45', '2020-09-06 00:39:45', 'products\\September2020\\RFnKdlAbP9e239ikqEqG.jpg', 'products\\September2020\\N9YO1VGXw1asCjuzzBpb.jpg', 'products\\September2020\\Vf7u13h3a9xa73kFK3UF.jpg', NULL, '<ul class=\"a-unordered-list a-vertical a-spacing-mini\" style=\"box-sizing: border-box; margin: 0px 0px 0px 18px; color: #111111; padding: 0px; font-family: \'Amazon Ember\', Arial, sans-serif; font-size: 13px;\">\r\n<li style=\"box-sizing: border-box; list-style: disc; overflow-wrap: break-word; margin: 0px;\"><span class=\"a-list-item\" style=\"box-sizing: border-box;\">Artificial Japanese cedar bonsai tree</span></li>\r\n<li style=\"box-sizing: border-box; list-style: disc; overflow-wrap: break-word; margin: 0px;\"><span class=\"a-list-item\" style=\"box-sizing: border-box;\">Overall Size: 12\"Wx 8\"D x 9\"H</span></li>\r\n<li style=\"box-sizing: border-box; list-style: disc; overflow-wrap: break-word; margin: 0px;\"><span class=\"a-list-item\" style=\"box-sizing: border-box;\">Brown Plastic Container Size: 6\"W x 4\"D x 2.5\"H</span></li>\r\n</ul>'),
(59, 8, 'Hanging Plant', 37, 'products\\September2020\\wtTevfuNloN4yIoN9ceY.jpg', '2020-09-06 00:41:27', '2020-09-06 00:41:27', 'products\\September2020\\DvZzy6OonmlPQWB7IG6h.jpg', 'products\\September2020\\4S1kOgPvQAjReBH0pWR0.jpg', 'products\\September2020\\d2nV6ueCbR4LEupsgQsq.jpg', NULL, '<ul class=\"a-unordered-list a-vertical a-spacing-mini\" style=\"box-sizing: border-box; margin: 0px 0px 0px 18px; color: #111111; padding: 0px; font-family: \'Amazon Ember\', Arial, sans-serif; font-size: 13px;\">\r\n<li style=\"box-sizing: border-box; list-style: disc; overflow-wrap: break-word; margin: 0px;\"><span class=\"a-list-item\" style=\"box-sizing: border-box;\">hop with confidence knowing our collections... \"looks so real, they\'re Nearly Natural!\" Pioneers in our industry; Nearly Natural is the first artificial floral company to hire head designers with years of experience in the live plant industry. We source products with a sound and in-depth knowledge of our industry...Nature.</span></li>\r\n<li style=\"box-sizing: border-box; list-style: disc; overflow-wrap: break-word; margin: 0px;\"><span class=\"a-list-item\" style=\"box-sizing: border-box;\">Overall Product Dimensions: 36 In. W x 36 In. D x 26 In. H; Planter/Vase Dimensions: H: 6.25 In. W: 10.5 In. D: 10.5. In.. Pot Size: W: 10.5 in, H: 6.25 in. Measurements are from the bottom of the planter/vase to the furthest extended flower or leaf on the arrangement. Width dimensions are also calculated from each furthest outstretched dimension.</span></li>\r\n<li style=\"box-sizing: border-box; list-style: disc; overflow-wrap: break-word; margin: 0px;\"><span class=\"a-list-item\" style=\"box-sizing: border-box;\">No Maintenance Required; No Watering. Looks full and fresh every day; wipe clean with a soft dry cloth.</span></li>\r\n</ul>'),
(60, 8, 'Plastic & Wood', 26, 'products\\September2020\\QFkc2RAxwxSpJCAspk1w.jpg', '2020-09-06 00:42:33', '2020-09-06 00:42:33', 'products\\September2020\\dmKj0uzEu6YH0MVjTj2a.jpg', NULL, NULL, NULL, '<ul class=\"a-unordered-list a-vertical a-spacing-mini\" style=\"box-sizing: border-box; margin: 0px 0px 0px 18px; color: #111111; padding: 0px; font-family: \'Amazon Ember\', Arial, sans-serif; font-size: 13px;\">\r\n<li style=\"box-sizing: border-box; list-style: disc; overflow-wrap: break-word; margin: 0px;\"><span class=\"a-list-item\" style=\"box-sizing: border-box;\">Diameter of product: Width: 3.74 \" Height: 9.4 \" (from top tip of the plant to the bottom of the pots)</span></li>\r\n<li style=\"box-sizing: border-box; list-style: disc; overflow-wrap: break-word; margin: 0px;\"><span class=\"a-list-item\" style=\"box-sizing: border-box;\">Material: Plastic(PE) Leaf, comes with white plastic pots. Lifelike potted plants are easy to clean and care. Environmental-friendly, nontoxic and non-faded.</span></li>\r\n<li style=\"box-sizing: border-box; list-style: disc; overflow-wrap: break-word; margin: 0px;\"><span class=\"a-list-item\" style=\"box-sizing: border-box;\">No need soil, water and nutrients. It is easy to maintain and free from the impact of natural climate. Suitable for both indoor or outdoor use.</span></li>\r\n</ul>'),
(61, 8, 'Set of Three Desk Plants', 56, 'products\\September2020\\sJBhmbp0X1fAVcRzBNMb.jpg', '2020-09-06 00:43:29', '2020-09-06 00:43:29', 'products\\September2020\\5ha1VFw4BlpVMb0VxFJV.jpg', 'products\\September2020\\g1nUNnS81HUyhbAjW4Gi.jpg', 'products\\September2020\\WchbJjnMirvHWXvJrWkk.jpg', NULL, '<ul class=\"a-unordered-list a-vertical a-spacing-mini\" style=\"box-sizing: border-box; margin: 0px 0px 0px 18px; color: #111111; padding: 0px; font-family: \'Amazon Ember\', Arial, sans-serif; font-size: 13px;\">\r\n<li style=\"box-sizing: border-box; list-style: disc; overflow-wrap: break-word; margin: 0px;\"><span class=\"a-list-item\" style=\"box-sizing: border-box;\">FACE PLANTS DECORATION IN POT - Our rose gold decor face succulent plants in pots will enhance your home, kitchen decorations and rose gold bathroom accessories in an interesting way. Now\'s your chance to curate your living room plant decor with a stunning center piece that can elevate the ambiance and atmosphere of your room. These rose gold desk accessories provides an eye-catching statement as you get productive in your daily tasks.</span></li>\r\n</ul>'),
(62, 8, 'Turtle leaves', 27, 'products\\September2020\\nTXdm42THggY7siEsKES.jpg', '2020-09-06 00:44:39', '2020-09-06 00:44:39', 'products\\September2020\\Si5Y421hDGziYcfMumrE.jpg', 'products\\September2020\\7eZIEx67uCdbOXy7ZiQ6.jpg', 'products\\September2020\\o60xAvYJDYTJgMAXd520.jpg', NULL, '<ul class=\"a-unordered-list a-vertical a-spacing-mini\" style=\"box-sizing: border-box; margin: 0px 0px 0px 18px; color: #111111; padding: 0px; font-family: \'Amazon Ember\', Arial, sans-serif; font-size: 13px;\">\r\n<li style=\"box-sizing: border-box; list-style: disc; overflow-wrap: break-word; margin: 0px;\"><span class=\"a-list-item\" style=\"box-sizing: border-box;\">Set of 2 lifelike artificial turtle leave plants in paper pulp pots ideal for home and office decor</span></li>\r\n<li style=\"box-sizing: border-box; list-style: disc; overflow-wrap: break-word; margin: 0px;\"><span class=\"a-list-item\" style=\"box-sizing: border-box;\">Perfect for display on desk, table, or counter top</span></li>\r\n<li style=\"box-sizing: border-box; list-style: disc; overflow-wrap: break-word; margin: 0px;\"><span class=\"a-list-item\" style=\"box-sizing: border-box;\">No watering or additional maintenance necessary</span></li>\r\n<li style=\"box-sizing: border-box; list-style: disc; overflow-wrap: break-word; margin: 0px;\"><span class=\"a-list-item\" style=\"box-sizing: border-box;\">Stylish eco-friendly paper pot design complements contemporary home and office decor</span></li>\r\n<li style=\"box-sizing: border-box; list-style: disc; overflow-wrap: break-word; margin: 0px;\"><span class=\"a-list-item\" style=\"box-sizing: border-box;\">SPECS: 15.8 L x 13.4 W x 12.6 H (in inches)</span></li>\r\n</ul>'),
(63, 9, 'AmazonBasics 12\"', 46, 'products\\September2020\\HgAoGRxgu38fRJGzAZZJ.jpg', '2020-09-06 00:46:00', '2020-09-06 00:51:42', 'products\\September2020\\I0L7NC27h9z8DGlOubS5.jpg', 'products\\September2020\\2w9tggivQUK05JECVpuc.jpg', NULL, NULL, '<ul class=\"a-unordered-list a-vertical a-spacing-mini\" style=\"box-sizing: border-box; margin: 0px 0px 0px 18px; color: #111111; padding: 0px; font-family: \'Amazon Ember\', Arial, sans-serif; font-size: 13px;\">\r\n<li style=\"box-sizing: border-box; list-style: disc; overflow-wrap: break-word; margin: 0px;\"><span class=\"a-list-item\" style=\"box-sizing: border-box;\">12 inch wall clock with analog operation, hour, and minute hands</span></li>\r\n<li style=\"box-sizing: border-box; list-style: disc; overflow-wrap: break-word; margin: 0px;\"><span class=\"a-list-item\" style=\"box-sizing: border-box;\">Durable, lightweight construction with metal rim</span></li>\r\n<li style=\"box-sizing: border-box; list-style: disc; overflow-wrap: break-word; margin: 0px;\"><span class=\"a-list-item\" style=\"box-sizing: border-box;\">Hang in your office, workshop, classroom, kitchen, or anywhere time management is useful</span></li>\r\n<li style=\"box-sizing: border-box; list-style: disc; overflow-wrap: break-word; margin: 0px;\"><span class=\"a-list-item\" style=\"box-sizing: border-box;\">Silent time-keeping mechanism provides accuracy and quiet operation</span></li>\r\n<li style=\"box-sizing: border-box; list-style: disc; overflow-wrap: break-word; margin: 0px;\"><span class=\"a-list-item\" style=\"box-sizing: border-box;\">Battery operated with one AA battery (not included)</span></li>\r\n<li style=\"box-sizing: border-box; list-style: disc; overflow-wrap: break-word; margin: 0px;\"><span class=\"a-list-item\" style=\"box-sizing: border-box;\">Includes mounting hardware and instructions for easy installation</span></li>\r\n</ul>'),
(64, 9, 'jomparis 12 Inch Non', 34, 'products\\September2020\\LWX1LBk191ywvfiLv9uk.jpg', '2020-09-06 00:47:00', '2020-09-06 00:51:18', 'products\\September2020\\atXHaTvi3vObluD7hEZS.jpg', 'products\\September2020\\lgl2zVHuAYMZItRTDUy1.jpg', NULL, NULL, '<ul class=\"a-unordered-list a-vertical a-spacing-mini\" style=\"box-sizing: border-box; margin: 0px 0px 0px 18px; color: #111111; padding: 0px; font-family: \'Amazon Ember\', Arial, sans-serif; font-size: 13px;\">\r\n<li style=\"box-sizing: border-box; list-style: disc; overflow-wrap: break-word; margin: 0px;\"><span class=\"a-list-item\" style=\"box-sizing: border-box;\">Completely Silent: Precise quartz sweep movement guarantees accurate time and absolutely silent environment,suitable for bedroom, kitchen, meeting room and any other places which needs a silent environment.</span></li>\r\n<li style=\"box-sizing: border-box; list-style: disc; overflow-wrap: break-word; margin: 0px;\"><span class=\"a-list-item\" style=\"box-sizing: border-box;\">Modern and Simple Design:stylish modern cement grey dial with large 3D white numbers.This functional art is as beautiful as it is practical! White frame is made of high-quality ABS.</span></li>\r\n</ul>'),
(65, 9, 'Silent Non-Ticking Wooden', 16, 'products\\September2020\\lzWhyx5SwH6Rrz4hmFuV.jpg', '2020-09-06 00:48:14', '2020-09-06 00:48:14', 'products\\September2020\\uhH6ZnzR30jCMTbq8yxc.jpg', NULL, NULL, NULL, '<ul class=\"a-unordered-list a-vertical a-spacing-mini\" style=\"box-sizing: border-box; margin: 0px 0px 0px 18px; color: #111111; padding: 0px; font-family: \'Amazon Ember\', Arial, sans-serif; font-size: 13px;\">\r\n<li style=\"box-sizing: border-box; list-style: disc; overflow-wrap: break-word; margin: 0px;\"><span class=\"a-list-item\" style=\"box-sizing: border-box;\">Grey wooden wall clock material: not solid wood, wood particle board painted,covered by paper drawing. No frame nor glass cover.</span></li>\r\n<li style=\"box-sizing: border-box; list-style: disc; overflow-wrap: break-word; margin: 0px;\"><span class=\"a-list-item\" style=\"box-sizing: border-box;\">Easy to read: This wooden wall clock has large black arabic numeralsso it can be seen easily. Size: Wood decorative round wall clock measures 10 inches in diameter.</span></li>\r\n<li style=\"box-sizing: border-box; list-style: disc; overflow-wrap: break-word; margin: 0px;\"><span class=\"a-list-item\" style=\"box-sizing: border-box;\">Non-ticking wall clock:High quality silent quartz movement, keeps accurate time. Being non-ticking, it is perfect for bedroom, living room, computer room, coffee shop, office, conference room.</span></li>\r\n</ul>'),
(66, 9, 'DreamSky 8.9 Inches Large', 30, 'products\\September2020\\CdbvpDfq0ANrj2C5m3Jt.jpg', '2020-09-06 00:49:02', '2020-09-06 00:49:02', 'products\\September2020\\1eVpkpUTlYGkMhy8WdwJ.jpg', 'products\\September2020\\ipPtABE2nQxuaf8Yv39a.jpg', NULL, NULL, '<ul class=\"a-unordered-list a-vertical a-spacing-mini\" style=\"box-sizing: border-box; margin: 0px 0px 0px 18px; color: #111111; padding: 0px; font-family: \'Amazon Ember\', Arial, sans-serif; font-size: 13px;\">\r\n<li style=\"box-sizing: border-box; list-style: disc; overflow-wrap: break-word; margin: 0px;\"><span class=\"a-list-item\" style=\"box-sizing: border-box;\">Large Display with Smart Dimmer: Streamline design and clear large bold number display. 3&rdquo; jumbo illuminated LED digits ensure an easy to see crystal clear time even from afar, ideal for impaired vision people. The patented smart brightness dimmer design allows you to set the display brightness from 0-100 level by easy turn wheel. No need to worry about the brightness, either too bright thus affecting your sleep or too dim to read time.</span></li>\r\n</ul>'),
(67, 9, 'Hippih Black Wall Clock Silent', 29, 'products\\September2020\\IghBk15Os6r4eBkr62ul.jpg', '2020-09-06 00:50:17', '2020-09-06 00:50:17', 'products\\September2020\\u2nbl6Ehota2nWnRql7K.jpg', 'products\\September2020\\omivYAcGqDZmXlHSRzMp.jpg', 'products\\September2020\\7sMKwTfu6GSqRHotmeQk.jpg', NULL, '<ul class=\"a-unordered-list a-vertical a-spacing-mini\" style=\"box-sizing: border-box; margin: 0px 0px 0px 18px; color: #111111; padding: 0px; font-family: \'Amazon Ember\', Arial, sans-serif; font-size: 13px;\">\r\n<li style=\"box-sizing: border-box; list-style: disc; overflow-wrap: break-word; margin: 0px;\"><span class=\"a-list-item\" style=\"box-sizing: border-box;\">NOTE : Ensure the Clock Can Be Used for a Longer Time, Please Use Carbon Battery. Don\'t Use Alkaline Battery Which Will Damage the Clock Movement Easily.</span></li>\r\n<li style=\"box-sizing: border-box; list-style: disc; overflow-wrap: break-word; margin: 0px;\"><span class=\"a-list-item\" style=\"box-sizing: border-box;\">Concise style - Clear to read,Special and elegant design meet all your decoration need</span></li>\r\n<li style=\"box-sizing: border-box; list-style: disc; overflow-wrap: break-word; margin: 0px;\"><span class=\"a-list-item\" style=\"box-sizing: border-box;\">Non ticking - Quiet sweep second hand, no ticking to ensure a good sleeping or working environment</span></li>\r\n</ul>');

-- --------------------------------------------------------

--
-- Table structure for table `roles`
--

CREATE TABLE `roles` (
  `id` bigint(20) UNSIGNED NOT NULL,
  `name` varchar(191) COLLATE utf8mb4_unicode_ci NOT NULL,
  `display_name` varchar(191) COLLATE utf8mb4_unicode_ci NOT NULL,
  `created_at` timestamp NULL DEFAULT NULL,
  `updated_at` timestamp NULL DEFAULT NULL
) ENGINE=InnoDB DEFAULT CHARSET=utf8mb4 COLLATE=utf8mb4_unicode_ci;

--
-- Dumping data for table `roles`
--

INSERT INTO `roles` (`id`, `name`, `display_name`, `created_at`, `updated_at`) VALUES
(1, 'admin', 'Administrator', '2020-08-31 12:38:26', '2020-08-31 12:38:26'),
(2, 'user', 'Normal User', '2020-08-31 12:38:26', '2020-08-31 12:38:26');

-- --------------------------------------------------------

--
-- Table structure for table `settings`
--

CREATE TABLE `settings` (
  `id` int(10) UNSIGNED NOT NULL,
  `key` varchar(191) COLLATE utf8mb4_unicode_ci NOT NULL,
  `display_name` varchar(191) COLLATE utf8mb4_unicode_ci NOT NULL,
  `value` text COLLATE utf8mb4_unicode_ci DEFAULT NULL,
  `details` text COLLATE utf8mb4_unicode_ci DEFAULT NULL,
  `type` varchar(191) COLLATE utf8mb4_unicode_ci NOT NULL,
  `order` int(11) NOT NULL DEFAULT 1,
  `group` varchar(191) COLLATE utf8mb4_unicode_ci DEFAULT NULL
) ENGINE=InnoDB DEFAULT CHARSET=utf8mb4 COLLATE=utf8mb4_unicode_ci;

--
-- Dumping data for table `settings`
--

INSERT INTO `settings` (`id`, `key`, `display_name`, `value`, `details`, `type`, `order`, `group`) VALUES
(1, 'site.title', 'Site Title', 'Site Title', '', 'text', 1, 'Site'),
(2, 'site.description', 'Site Description', 'Site Description', '', 'text', 2, 'Site'),
(3, 'site.logo', 'Site Logo', '', '', 'image', 3, 'Site'),
(4, 'site.google_analytics_tracking_id', 'Google Analytics Tracking ID', '', '', 'text', 4, 'Site'),
(5, 'admin.bg_image', 'Admin Background Image', '', '', 'image', 5, 'Admin'),
(6, 'admin.title', 'Admin Title', 'Voyager', '', 'text', 1, 'Admin'),
(7, 'admin.description', 'Admin Description', 'Welcome to Voyager. The Missing Admin for Laravel', '', 'text', 2, 'Admin'),
(8, 'admin.loader', 'Admin Loader', '', '', 'image', 3, 'Admin'),
(9, 'admin.icon_image', 'Admin Icon Image', '', '', 'image', 4, 'Admin'),
(10, 'admin.google_analytics_client_id', 'Google Analytics Client ID (used for admin dashboard)', '', '', 'text', 1, 'Admin');

-- --------------------------------------------------------

--
-- Table structure for table `translations`
--

CREATE TABLE `translations` (
  `id` int(10) UNSIGNED NOT NULL,
  `table_name` varchar(191) COLLATE utf8mb4_unicode_ci NOT NULL,
  `column_name` varchar(191) COLLATE utf8mb4_unicode_ci NOT NULL,
  `foreign_key` int(10) UNSIGNED NOT NULL,
  `locale` varchar(191) COLLATE utf8mb4_unicode_ci NOT NULL,
  `value` text COLLATE utf8mb4_unicode_ci NOT NULL,
  `created_at` timestamp NULL DEFAULT NULL,
  `updated_at` timestamp NULL DEFAULT NULL
) ENGINE=InnoDB DEFAULT CHARSET=utf8mb4 COLLATE=utf8mb4_unicode_ci;

-- --------------------------------------------------------

--
-- Table structure for table `users`
--

CREATE TABLE `users` (
  `id` bigint(20) UNSIGNED NOT NULL,
  `role_id` bigint(20) UNSIGNED DEFAULT NULL,
  `name` varchar(191) COLLATE utf8mb4_unicode_ci NOT NULL,
  `email` varchar(191) COLLATE utf8mb4_unicode_ci NOT NULL,
  `password` varchar(191) COLLATE utf8mb4_unicode_ci DEFAULT NULL,
  `avatar` varchar(191) COLLATE utf8mb4_unicode_ci DEFAULT NULL,
  `avatar_original` varchar(191) COLLATE utf8mb4_unicode_ci DEFAULT NULL,
  `google_id` varchar(191) COLLATE utf8mb4_unicode_ci NOT NULL,
  `email_verified_at` timestamp NULL DEFAULT NULL,
  `remember_token` varchar(100) COLLATE utf8mb4_unicode_ci DEFAULT NULL,
  `settings` text COLLATE utf8mb4_unicode_ci DEFAULT NULL,
  `created_at` timestamp NULL DEFAULT NULL,
  `updated_at` timestamp NULL DEFAULT NULL
) ENGINE=InnoDB DEFAULT CHARSET=utf8mb4 COLLATE=utf8mb4_unicode_ci;

--
-- Dumping data for table `users`
--

INSERT INTO `users` (`id`, `role_id`, `name`, `email`, `password`, `avatar`, `avatar_original`, `google_id`, `email_verified_at`, `remember_token`, `settings`, `created_at`, `updated_at`) VALUES
(1, 1, 'admin', 'admin@admin.com', '$2y$10$4lyU/PTNVWAldym8BzvvROOY08WcjLZxWFdliaBbqbY73d0C.506u', NULL, NULL, '', NULL, NULL, NULL, '2020-08-31 12:39:30', '2020-08-31 12:39:30'),
(2, 2, 'L Hong Anh T', 'lehoanganhtufire@gmail.com', '$2y$10$fpIrlLgbX9v1npyqrLcDb.y2Wy8pNehV98JT3hrMxoot78KGtVsWK', NULL, NULL, '', NULL, NULL, NULL, '2020-08-31 13:08:20', '2020-08-31 13:08:20'),
(3, 2, 'Trung Kin Ng', 'ngotrungkien4798@gmail.com', '$2y$10$0yKiXGp9GexiWxi8Gf4OHOA8PBUh7NugRE8.EKkU6vckFhcC/J88G', NULL, NULL, '', NULL, NULL, NULL, '2020-09-02 18:39:24', '2020-09-02 18:39:24'),
(4, 2, 'decor home', 'homefpt4798@gmail.com', '$2y$10$t0tOxmlWUUzNtdsPe21QV.z99EsGq5Oqb1tUpLuYyyULI5sfjJ5dS', NULL, NULL, '', NULL, NULL, NULL, '2020-09-06 06:49:07', '2020-09-06 06:49:07');

-- --------------------------------------------------------

--
-- Table structure for table `user_roles`
--

CREATE TABLE `user_roles` (
  `user_id` bigint(20) UNSIGNED NOT NULL,
  `role_id` bigint(20) UNSIGNED NOT NULL
) ENGINE=InnoDB DEFAULT CHARSET=utf8mb4 COLLATE=utf8mb4_unicode_ci;

--
-- Indexes for dumped tables
--

--
-- Indexes for table `banner`
--
ALTER TABLE `banner`
  ADD PRIMARY KEY (`id`);

--
-- Indexes for table `brand`
--
ALTER TABLE `brand`
  ADD PRIMARY KEY (`id`);

--
-- Indexes for table `comments`
--
ALTER TABLE `comments`
  ADD PRIMARY KEY (`id`);

--
-- Indexes for table `data_rows`
--
ALTER TABLE `data_rows`
  ADD PRIMARY KEY (`id`),
  ADD KEY `data_rows_data_type_id_foreign` (`data_type_id`);

--
-- Indexes for table `data_types`
--
ALTER TABLE `data_types`
  ADD PRIMARY KEY (`id`),
  ADD UNIQUE KEY `data_types_name_unique` (`name`),
  ADD UNIQUE KEY `data_types_slug_unique` (`slug`);

--
-- Indexes for table `failed_jobs`
--
ALTER TABLE `failed_jobs`
  ADD PRIMARY KEY (`id`);

--
-- Indexes for table `menus`
--
ALTER TABLE `menus`
  ADD PRIMARY KEY (`id`),
  ADD UNIQUE KEY `menus_name_unique` (`name`);

--
-- Indexes for table `menu_items`
--
ALTER TABLE `menu_items`
  ADD PRIMARY KEY (`id`),
  ADD KEY `menu_items_menu_id_foreign` (`menu_id`);

--
-- Indexes for table `migrations`
--
ALTER TABLE `migrations`
  ADD PRIMARY KEY (`id`);

--
-- Indexes for table `news`
--
ALTER TABLE `news`
  ADD PRIMARY KEY (`id`);

--
-- Indexes for table `orders`
--
ALTER TABLE `orders`
  ADD PRIMARY KEY (`id`);

--
-- Indexes for table `password_resets`
--
ALTER TABLE `password_resets`
  ADD KEY `password_resets_email_index` (`email`);

--
-- Indexes for table `permissions`
--
ALTER TABLE `permissions`
  ADD PRIMARY KEY (`id`),
  ADD KEY `permissions_key_index` (`key`);

--
-- Indexes for table `permission_role`
--
ALTER TABLE `permission_role`
  ADD PRIMARY KEY (`permission_id`,`role_id`),
  ADD KEY `permission_role_permission_id_index` (`permission_id`),
  ADD KEY `permission_role_role_id_index` (`role_id`);

--
-- Indexes for table `products`
--
ALTER TABLE `products`
  ADD PRIMARY KEY (`id`);

--
-- Indexes for table `roles`
--
ALTER TABLE `roles`
  ADD PRIMARY KEY (`id`),
  ADD UNIQUE KEY `roles_name_unique` (`name`);

--
-- Indexes for table `settings`
--
ALTER TABLE `settings`
  ADD PRIMARY KEY (`id`),
  ADD UNIQUE KEY `settings_key_unique` (`key`);

--
-- Indexes for table `translations`
--
ALTER TABLE `translations`
  ADD PRIMARY KEY (`id`),
  ADD UNIQUE KEY `translations_table_name_column_name_foreign_key_locale_unique` (`table_name`,`column_name`,`foreign_key`,`locale`);

--
-- Indexes for table `users`
--
ALTER TABLE `users`
  ADD PRIMARY KEY (`id`),
  ADD UNIQUE KEY `users_email_unique` (`email`),
  ADD KEY `users_role_id_foreign` (`role_id`);

--
-- Indexes for table `user_roles`
--
ALTER TABLE `user_roles`
  ADD PRIMARY KEY (`user_id`,`role_id`),
  ADD KEY `user_roles_user_id_index` (`user_id`),
  ADD KEY `user_roles_role_id_index` (`role_id`);

--
-- AUTO_INCREMENT for dumped tables
--

--
-- AUTO_INCREMENT for table `banner`
--
ALTER TABLE `banner`
  MODIFY `id` int(10) UNSIGNED NOT NULL AUTO_INCREMENT, AUTO_INCREMENT=3;

--
-- AUTO_INCREMENT for table `brand`
--
ALTER TABLE `brand`
  MODIFY `id` int(10) UNSIGNED NOT NULL AUTO_INCREMENT, AUTO_INCREMENT=4;

--
-- AUTO_INCREMENT for table `comments`
--
ALTER TABLE `comments`
  MODIFY `id` int(10) UNSIGNED NOT NULL AUTO_INCREMENT;

--
-- AUTO_INCREMENT for table `data_rows`
--
ALTER TABLE `data_rows`
  MODIFY `id` int(10) UNSIGNED NOT NULL AUTO_INCREMENT, AUTO_INCREMENT=67;

--
-- AUTO_INCREMENT for table `data_types`
--
ALTER TABLE `data_types`
  MODIFY `id` int(10) UNSIGNED NOT NULL AUTO_INCREMENT, AUTO_INCREMENT=26;

--
-- AUTO_INCREMENT for table `failed_jobs`
--
ALTER TABLE `failed_jobs`
  MODIFY `id` bigint(20) UNSIGNED NOT NULL AUTO_INCREMENT;

--
-- AUTO_INCREMENT for table `menus`
--
ALTER TABLE `menus`
  MODIFY `id` int(10) UNSIGNED NOT NULL AUTO_INCREMENT, AUTO_INCREMENT=2;

--
-- AUTO_INCREMENT for table `menu_items`
--
ALTER TABLE `menu_items`
  MODIFY `id` int(10) UNSIGNED NOT NULL AUTO_INCREMENT, AUTO_INCREMENT=24;

--
-- AUTO_INCREMENT for table `migrations`
--
ALTER TABLE `migrations`
  MODIFY `id` int(10) UNSIGNED NOT NULL AUTO_INCREMENT, AUTO_INCREMENT=29;

--
-- AUTO_INCREMENT for table `news`
--
ALTER TABLE `news`
  MODIFY `id` int(10) UNSIGNED NOT NULL AUTO_INCREMENT, AUTO_INCREMENT=28;

--
-- AUTO_INCREMENT for table `orders`
--
ALTER TABLE `orders`
  MODIFY `id` bigint(20) UNSIGNED NOT NULL AUTO_INCREMENT, AUTO_INCREMENT=2;

--
-- AUTO_INCREMENT for table `permissions`
--
ALTER TABLE `permissions`
  MODIFY `id` bigint(20) UNSIGNED NOT NULL AUTO_INCREMENT, AUTO_INCREMENT=82;

--
-- AUTO_INCREMENT for table `products`
--
ALTER TABLE `products`
  MODIFY `id` bigint(20) UNSIGNED NOT NULL AUTO_INCREMENT, AUTO_INCREMENT=68;

--
-- AUTO_INCREMENT for table `roles`
--
ALTER TABLE `roles`
  MODIFY `id` bigint(20) UNSIGNED NOT NULL AUTO_INCREMENT, AUTO_INCREMENT=3;

--
-- AUTO_INCREMENT for table `settings`
--
ALTER TABLE `settings`
  MODIFY `id` int(10) UNSIGNED NOT NULL AUTO_INCREMENT, AUTO_INCREMENT=11;

--
-- AUTO_INCREMENT for table `translations`
--
ALTER TABLE `translations`
  MODIFY `id` int(10) UNSIGNED NOT NULL AUTO_INCREMENT;

--
-- AUTO_INCREMENT for table `users`
--
ALTER TABLE `users`
  MODIFY `id` bigint(20) UNSIGNED NOT NULL AUTO_INCREMENT, AUTO_INCREMENT=5;

--
-- Constraints for dumped tables
--

--
-- Constraints for table `data_rows`
--
ALTER TABLE `data_rows`
  ADD CONSTRAINT `data_rows_data_type_id_foreign` FOREIGN KEY (`data_type_id`) REFERENCES `data_types` (`id`) ON DELETE CASCADE ON UPDATE CASCADE;

--
-- Constraints for table `menu_items`
--
ALTER TABLE `menu_items`
  ADD CONSTRAINT `menu_items_menu_id_foreign` FOREIGN KEY (`menu_id`) REFERENCES `menus` (`id`) ON DELETE CASCADE;

--
-- Constraints for table `permission_role`
--
ALTER TABLE `permission_role`
  ADD CONSTRAINT `permission_role_permission_id_foreign` FOREIGN KEY (`permission_id`) REFERENCES `permissions` (`id`) ON DELETE CASCADE,
  ADD CONSTRAINT `permission_role_role_id_foreign` FOREIGN KEY (`role_id`) REFERENCES `roles` (`id`) ON DELETE CASCADE;

--
-- Constraints for table `users`
--
ALTER TABLE `users`
  ADD CONSTRAINT `users_role_id_foreign` FOREIGN KEY (`role_id`) REFERENCES `roles` (`id`);

--
-- Constraints for table `user_roles`
--
ALTER TABLE `user_roles`
  ADD CONSTRAINT `user_roles_role_id_foreign` FOREIGN KEY (`role_id`) REFERENCES `roles` (`id`) ON DELETE CASCADE,
  ADD CONSTRAINT `user_roles_user_id_foreign` FOREIGN KEY (`user_id`) REFERENCES `users` (`id`) ON DELETE CASCADE;
COMMIT;

/*!40101 SET CHARACTER_SET_CLIENT=@OLD_CHARACTER_SET_CLIENT */;
/*!40101 SET CHARACTER_SET_RESULTS=@OLD_CHARACTER_SET_RESULTS */;
/*!40101 SET COLLATION_CONNECTION=@OLD_COLLATION_CONNECTION */;
